image,caption
1022454428_b6b660a67b.jpg,peaks weather mostly sprays 23 leashes agility enclosure emerging leashes framed oversized weather jet miniature fallen weather bend peak bending mats beginning beginning morning steering intersection pitch stairway storm flipped cones tied challenging pit fog really built struggle leashes wheeled zip upset arena handed bowling bowling upset alley instruments goat
102351840_323e3de834.jpg,handed puffy sidelines stump cheek wheeled lacrosse pig hooping guitars arena handed bowling bowling upset puck site accordion armenian footballer logo checked logo bleachers arena blocked device sleeve tinkerbell emerging hilly upset overalls runway sling bales bales bales stump trumpet painted and snowbank crossed dusty outcropping splits hooping peak beginning
1028205764_7e8df9a2ea.jpg,celebrate puffy sidelines guitars genocide upset spot works accordion stump ridden hooping stump instruments goat stump obstacle oversized weather sized protest pigtails upset chairlift glove hood tee community reflective angels bone beak whilst slopes reflection blocked mats beginning cheek beginning morning steering intersection tattoo chased rails pit cone emerging hilly
103195344_5d2dc613a3.jpg,asking puck site agility angels recently 8 products incline pumpkin framed just rescue thumbs mats instrument framed cream peak chest sidelines footballers bow raised tied bottoms porch reflective slopes dot finish driven rusty bales bales mats trumpet hurdles hoop watched motion wheeled lacrosse kangaroo pigtails skiiers tattoo chased rails beginning
1042590306_95dea0916c.jpg,crouching hooping guitars arena cheek ready scenery retriever material reflective bales bales bales incline pitch cats armenian footballer logo checked stoop bottoms active weather drain fellow bales vehicles int crosswalk stump stump link clowns ten faces festival snowsuit reflective angels angels mostly pierced ten clapping residential studio participates gymnasium hooping
105342180_4d4a40b47f.jpg,wrestle cameraman intersection tattoo chased rails plank hooping angels recently outcropping flannel cartwheel pumpkin peak legged jet intersection dragon and dive leashes pigtails marker come oversized claus tinkerbell tinkerbell pigtails skiiers tattoo chased rails pit reflective angels recently outcropping pug shepherd shephard weather jet miniature flowered digital merry-go-round messy gymnasium
1056249424_ef2a2e041c.jpg,mouths agility enclosure instrument instrument arcade dinner lot padded enclosed jackson padded plates forehead outstreached skiiers tattoo chased rails pit reflective trumpet bales bales dried dried sucking cups pig plush 23 covering officer hooping instrument instruments flag carriage kayaks sport shephard cream tug-of-war was flipped mid-flight stump trumpet tied recently
1075867198_27ca2e7efe.jpg,splits hooping guitars arena cheek obstacle tattoo chased rails pit formation airport flute exercise windsurfer rowboat saber end push angels upset trunks tiger perched crossed framed butter upset cone pigtails rowboat beak rowboat beak suit pulled rails wheeled itself pigtails recently striking beginning beginning beginning vertical weather legged squatting wheeled
1075881101_d55c46bece.jpg,splits hooping guitars arena cheek obstacle tattoo chased rails pit formation pig flute photographed tails chased bales peak laptop upset unusual cap bunny flannel calm sidelines cookie print firetruck kicked windsurfer print confetti hooping top legged leashes wrapping stripe bend wheeled reddish a attempt struggle leashes meal bib hooping tattooed
1079274291_9aaf896cc1.jpg,dalmation beak rowboat beak rowboat beak rowboat beak rowboat beak meal hooping guitars saber tattoo chased squirted steering built struggle struggle bouncy pig wig joy feathered butter instrument floats weather material drain framed oversized weather used lift rails campfire bow oversized arts york arts kilt including explosion dot public chairlift
1093737381_b313cd49ff.jpg,headed movie bumpy mats instrument wheeled flowered upset spot works accordion stump pot infant instructor storm shephard tossed for built test site accordion stump instrument wheeled upset pigtails skiiers tattoo chased blocked dune drain framed cream recently midst midst active sleeve sized cross rocket heart blocked mats beginning country piece
1094462889_f9966dafa6.jpg,bottles weather canoe bone circuit focus aqua bumpy snowsuit spot works crocodile whilst slopes reflection ridden spot pieces blocked community peak pointy flowered balls pigtails really words confetti meal racquet zip potato enclosed individual tackle boogie weather bend chest sprints peak college boston calm bend chest bow goat stump pot
1095980313_3c94799968.jpg,bottles 23 agility angels angels framed products incline beginning descending cone emerging hilly tinkerbell stump link splits dot bay gymnastics reddish that clapping shephard products incline pumpkin framed just eyed plates incline batting pigtails marker located enclosure trumpet just rescue cats tattoo chased squirted steering lion medieval kangaroo ribbon framed
109671650_f7bbc297fa.jpg,bottles weather block cheek bouncy intersection tattoo chased rails pit beginning site handed intersection cheeks agility enclosure instrument instrument arcade dinner snowsuit reflective watery upset spot armenian footballer logo checked logo bleachers arena instrument instruments wheeled flowered upset arena handed bowling bowling upset bagpipe bungee skinny change violin dot gives
1104133405_c04a00707f.jpg,bend sized mostly splits seating beak snowsuit its calm bend beak whilst slopes ) boa ponytail ribbon stripe framed oversized weather footballer logo checked logo checked logo bleachers instrument pieces racket bow peak framed top dish bark crocodile whilst slopes reflection blocked mats beginning cheek hilly kicked jogs snowsuit saber
1112212364_0c48235fc2.jpg,peaks hooping instrument instruments obstacle oversized weather sized footballer logo checked logo checked logo bleachers arena blocked device sleeve tinkerbell emerging hilly tinkerbell tinkerbell active sleeve beak meal hooping electric sized splits expression reflective bales bales bales instrument armenian cats hooping stump instruments fuzzy watched players hooping electric sized calm
1115679311_245eff2f4b.jpg,weather batting dot seashore chest site site site agility enclosure descending animal dot intersection cheeks splits dot intersection cheeks crocodile dot gym beginning peak drain splits hooping stump piano stove kicked jogs claus peak cheek wheeled upset gym beginning round firing wheeled lacrosse portrait struggle bouncy electric intersection pit saying
1129704496_4a61441f2c.jpg,mouths apron puck beak rowboat beak rowboat beak rowboat beak meal hooping guitars arena butter upset trunks keeps jackson racket checked sleeve mats logo checked logo bleachers mats pitch gallery wheeled football portrait legged weather drain ponytail ribbon logo checked logo bleachers instrument pieces racket bow lot blurred blocked mats
1141739219_2c47195e4c.jpg,setting york site agility enclosure instrument action tackled wakeboard shephard blocked dune drain framed cream residential upset cone cheek wheeled lacrosse portrait struggle bouncy pig medieval skating pasture framed artist instrument instrument amidst intersection guarding stepping summer upset gym bib brother be outcropping flannel cartwheel pigtails recently 8 logo checked
116409198_0fe0c94f3b.jpg,bottles 23 agility angels angels framed products incline beginning descending cone emerging hilly tinkerbell stump link splits dot bay gymnastics reddish that clapping shephard products incline pumpkin framed just eyed plates incline batting pigtails marker located enclosure trumpet just rescue cats tattoo chased squirted steering lion medieval kangaroo ribbon framed
1174629344_a2e1a2bdbf.jpg,lay boa storm cheek wheeled lacrosse kangaroo bleachers bagpipe movie dusty gym bouncy expression test outcropping flannel upraised footballers bow oversized arts york arts claus footballer logo checked logo checked logo bleachers arena blocked device sleeve tinkerbell emerging hilly upset overalls runway sling bales bales bales stump trumpet painted and
1191338263_a4fa073154.jpg,younger electric intersection instrument instrument arcade dinner site accordion stump stump hugs gathering hooping smokes pit flute obstacle oversized weather attack bend peak beginning outcropping world tattoo chased blocked parallel mats beginning cheek wheeled lacrosse kangaroo pigtails skiiers glove creature tinkerbell outcropping floppy also finish progress rival flops upset bus
1193116658_c0161c35b5.jpg,splits shephard weather stoop incline blocked mats beginning cheek wheeled lacrosse kangaroo pigtails skiiers tattoo chased rails beginning snowbank sleeve built itself pigtails travels formation shelter bib sprinklers everywhere kicked pretending tunnel dangling bull jungle bull tunnel tips owner jungle massage darkened race cobblestone growling tricycle screams stuff harness headfirst
119534510_d52b3781a3.jpg,peaks guitars unusual interact framed oversized weather sized sleeveless sleeved forehead chest saddle hula-hoops plush saber tattoo chased rails pit beginning pumpkin other just rescue boa ponytail apron passengers beginning beginning beginning vertical weather legged kicked and calm bend chest claus tinkerbell snowsuit its calm upset if upset unusual gown
1213336750_2269b51397.jpg,handed puffy puffy watery weather interact bent heart expression wheeled reddish a attempt struggle leashes meal bib hooping tattooed upset robe cheeks goat stump pot infant instructor storm shephard tossed for built test site agility enclosure instrument action airport flute obstacle oversized weather ponytail skiiers tattoo chased rails beginning snowbank
1215334959_b1970965f7.jpg,weather instruments footballer logo checked logo bleachers mats pitch players incline padded jeeps rusty material squirts sunlight reflective bales bales beginning beginning vertical weather legged kicked grins sprints claus used jump bleachers end emerging leashes armenian sleeve beak cop printed sleeveless packed concert leashes closed mats pitch gallery sleeve mats
121971540_0a986ee176.jpg,movie instrument instrument instrument arcade dinner lot padded enclosed jackson padded plates forehead outstreached skiiers tattoo chased rails pit reflective trumpet bales bales bales dried sucking sucking caution relaxing gallery fountains microphone harness wrapping casting ledge tunnel coaster headfirst collars collars soaring appear fountains fountains fountains collars collars collars soaring
1222322358_225067636e.jpg,younger electric intersection chased rails pit beginning site handed intersection cheeks agility enclosure instrument instrument arcade dinner snowsuit reflective alley reflective outcropping hooping stump instruments army squirts catcher instruments footballer pigtails wheeled pigtails mid deflated deflated waterway horizontal swan grins puck beginning outcropping flannel cartwheel bouncy intersection pitch gallery sleeve
124195430_d14028660f.jpg,bottles hooping instrument instrument arcade dinner snowsuit reflective watery upset spot armenian poodles reflective outcropping world enclosure tattoo chased blocked mats beginning cheek wheeled lacrosse kangaroo pigtails skiiers tattoo chased squirted really tinkerbell tossed tape touches steering overpass test dinner oar instruments skinny for bowling gym beginning cheek beginning cheek
1248940539_46d33ed487.jpg,carriage beak rowboat beak rowboat beak rowboat beak rowboat beak snowsuit saber be victory logo checked logo checked logo bleachers mats pitch electric intersection pitch gallery sleeve dot outcropping overcoat forehead ten bow lot padded socks socks amid cream drain beginning descending tee sleeve pigtails skiiers tattoo chased pieces blocked
1271210445_7f7ecf3791.jpg,crouching hooping guitars arena cheek ready scenery retriever material reflective bales bales bales incline pitch cats armenian footballer logo checked stoop bottoms active weather drain fellow bales vehicles int crosswalk stump stump link clowns ten faces festival snowsuit reflective angels angels mostly pierced ten clapping residential studio participates gymnasium hooping
12830823_87d2654e31.jpg,bears instructor island hilly intersection pit court trumpet just rescue cats tattoo chased squirted silly lion pug to cross rocket sleeve hooping goat stump hugs sport sized footballer logo checked logo checked logo bleachers mats pitch electric intersection cookie bleachers instrument wheeled weather drain fellow instrument wheeled upset unusual itself
1287475186_2dee85f1a5.jpg,waiter hugs flowered flowered necklaces lease print official 23 splits saddle wheeled flowered upset spot works crocodile whilst slopes reflection ridden spot pieces blocked community peak drain hawaiian used cream drain beginning hilly upset upset gym beginning claus sleeveless followed bales sails drain beginning beginning beginning peak beginning vertical weather
1287931016_fb015e2e10.jpg,batting explosion unusual york blocks puck speedo its calm calm calm stoop claus pick bagpipe york blocks checkered studio floats claus weather checks snowsuit its calm upset gym beginning vertical splits dot outcropping travels drain framed cream residential upset cone cheek trails print upset gym beginning dusty gym beginning cheek
1287982439_6578006e22.jpg,bottles weather beginning site cheek wheeled lacrosse kangaroo pigtails skiiers tattoo chased rails beginning snowbank beginning surfboarder bales beginning beginning beginning beginning beginning beginning peak legged built struggle leashes int perched bend agility kicked harnessed cone emerging hilly tinkerbell tinkerbell active sleeve beak cop printed sleeveless packed concert tattoo chased
129599450_cab4e77343.jpg,celebrate same sleeve sleeved snowboards built struggle leashes wheeled upset gym beginning round firing wheeled pug splits eyed arts arts kilt accordion armenian footballer logo checked logo bleachers arena blocked device sleeve tinkerbell emerging hilly upset overalls runway sling bales bales bales stump trumpet painted and snowbank crossed dusty outcropping
1313961775_824b87d155.jpg,follow explosion unusual for digital potato built struggle bouncy electric intersection tongue cap bunny foam intersection pitch gallery sleeve dot outcropping wheeled upset gym beginning shephard racquet watched attack legged kicked casts uniformed bagpipe sling pop enclosure saying upset gym beginning hilly upset gym beginning beginning bales than batting trumpet
1322323208_c7ecb742c6.jpg,kneel 23 agility mats instrument framed artist rails pulled rails wheeled itself pigtails pointed progress steering intersection drain butter upset robe dropping officer stump tattoo chased rails pit reflective angels cartwheel bouncy outcropping piano bouncy expression court pit outstreached punches devil portrait gym beginning outcropping bagpipes tattoo chased rails pit
1329832826_432538d331.jpg,bears instructor storm shephard products incline wheel ponytail saber pads drummer kicked windsurfer logo checked logo checked logo bleachers arena office pieces padded socks trumpet dusty hilly tattoo chased rails pit beginning hilly outcropping shephard weather tarp portrait grins ribbon attack outcropping flannel cartwheel fuzzy outcropping garbage goat ribbon blocked
1346051107_9cdc14e070.jpg,follow explosion unusual for digital potato built struggle bouncy electric intersection tongue cap bunny foam intersection pitch gallery sleeve dot outcropping wheeled upset gym beginning shephard racquet watched attack legged kicked casts uniformed bagpipe sling pop enclosure saying upset gym beginning hilly upset gym beginning beginning bales than batting trumpet
1348947380_14f0fc1237.jpg,same weather kiddie drag stoop incline blocked mats instrument instruments hoop wheel ponytail clapping pigtails tumbling obstacle oversized claus bikini bay claus weather drain dog serious digital outcropping skyscraper far upset gym beginning outcropping bagpipes tattoo chased rails pit cone emerging hilly tinkerbell kicked attack rainy war ceiling eyed pointy
1348957576_c4a78eb974.jpg,tossed and long-haired footballer rowboat beak rowboat beak rowboat beak rowboat beak meal pitch stairway formation pig airport flute armenian sleeve mats beak whilst slopes reflection blocked mats beginning cheek beginning morning steering intersection tattoo chased rails pit cheek ) miniature flowered security chinese 23 leashes life juggling ends patterned
1355703632_5683a4b6fb.jpg,follow intersection cheeks firetruck hugs tattoo tied no conversation arena genocide claus chinese surfing gown trumpet tied airport flute armenian sleeve beak meal bib hooping upset device medieval skating residential tattoo chased rails pit beginning site butter angels angels broken attack airport racket mats pitch airport trumpet emerging hilly emerging
136639119_6040b00946.jpg,bend sized caps tricycle expression genocide airport bagpipe sling butter mostly jeans instruments eagle agility enclosure instrument action tackled pinata armenian sling sprints claus used are insect suspenders chased rails turns itself pig lion plush electric sized splits expression kicked rescue traveling butter upset robe dropping officer stump tattoo chased
1390268323_2c8204e91c.jpg,finish fight sleeve hooping electric intersection tattoo chased rails pit beginning site butter angels angels straight summer than pen end emerging legged weather jet college pig skiiers tattoo chased rails pit reflective watery active seaweed hand frying trails print reflective outcropping butt mats infant instructor claus peak bay just rescue
1394396709_65040d97ab.jpg,brother apron ramps leashes instruments checked top cheeks speedo mini built struggle leashes wheeled zip upset arena handed bowling bowling upset gym beginning shephard racquet watched autumn cheerleader clapping logo checked logo checked logo bleachers arena office pieces padded socks trumpet dusty hilly tattoo chased rails pit reflective angels cartwheel
1400424834_1c76e700c4.jpg,bears instructor island hilly intersection pit court trumpet just rescue cats tattoo chased squirted silly lion pug to cross rocket sleeve hooping electric intersection pitch gallery stair saber pads overcoat fist milkshake bagpipe movie dusty gym bouncy expression test outcropping flannel upraised sort pointy beaded musician arena tackles peak perched
140430106_2978fda105.jpg,weather genocide mats trumpet pack drain ready rescue thumbs deflated outcropping armenian accordion team instruments footballer logo checked logo checked logo bleachers mats pitch electric intersection pitch gallery sleeve rails wheeled flowered upset logo checked logo bleachers mats pitch gallery wheeled football portrait legged weather drain oversized claus upset court
1414820925_3504c394e1.jpg,batting instrument york country sleeve splits hooping peak beginning height mid-flight stump pot infant instructor storm shephard tossed for built test site agility enclosure instrument action airport flute obstacle oversized weather ponytail skiiers tattoo chased rails beginning snowbank beginning surfboarder bales beginning beginning beginning beginning beginning peak legged built struggle
141755290_4b954529f3.jpg,start incline handed intersection cheek wheeled lacrosse kangaroo bleachers bleachers instruments bearded bouncy upraised arcade lacrosse guitars pigtails michael portrait bouncy pig violin instruments footballer logo checked logo checked logo bleachers arena blocked device sleeve tinkerbell emerging hilly tinkerbell tinkerbell active sleeve tips upset cone patches steering podium armenian sleeve
1418503947_953d373632.jpg,start athletic saber hooping electric sized splits dot gym beginning test eastern splits struggle arts portrait struggle bouncy electric intersection pitch gallery sleeve dot outcropping wheeler glove tattoo chased rails pit reflective reflective outcropping accordion stump ridden hooping stump instruments pale pointy bowling bowling individual struggle leashes mini upset cone
1425069308_488e5fcf9d.jpg,tossed and long-haired footballer rowboat beak rowboat beak rowboat beak rowboat beak rowboat beak rowboat beak meal hooping guitars saber tattoo chased rails pit cone stump incline blocked stump quad quad tunnel tips tips pretending same same fountains fountains fountains fountains fountains fountains tunnel double fountains fountains fountains fountains tunnel
1429546659_44cb09cbe2.jpg,mouths site agility enclosure instrument action incline pitch pitcher watched struggle rails backwards hawaiian chairlift chairlift emerging tunnel boards caught tunnel dangling canoeing bedroom fountains tunnel fountains fountains jungle tunnel jungle blurry harness tunnel tips owner waiter yawning fountains tunnel tips eats eats eats wall toward microphone harness headfirst interacting
1429814475_0b592b9995.jpg,crouching hooping guitars arena cheek obstacle tattoo chased rails pit beginning site butter angels site upside lion kangaroo ribbon blocked dune pine marsh skies playhouse lion burning posters interacting bull tunnel twisting interacting tunnel down leather well bedroom tunnel eats eats eats shows gallery harness within strap twisting bag playpen
1434607942_da5432c28c.jpg,crouching hooping guitars arena cheek obstacle tattoo chased rails pit beginning site butter angels site upside lion kangaroo ribbon blocked dune pine marsh skies playhouse lion burning posters interacting bull flock watermelon bedroom bedroom bedroom bedroom bedroom bedroom stools stools pretending collars collars collars collars collars collars collars collars soaring
143688283_a96ded20f1.jpg,younger electric intersection instrument instrument arcade dinner intersection cheeks goat stump pot infant instructor storm shephard tossed for built test site agility enclosure instrument action airport flute obstacle oversized weather ponytail skiiers tattoo chased rails beginning snowbank beginning surfboarder bales beginning beginning beginning beginning beginning vertical weather legged squatting wheeled
1440024115_129212c988.jpg,movie instrument instrument arcade footballers playhouse area hooping goat instruments goat stump agility enclosure instrument wheeled weather material reflective bales bales rusty dropping officer armenian poodles reflective outcropping cats tattoo chased blocked rails far flops flannel calm portrait gym beginning cheek beginning steering built struggle hula-hoops bib hooping sewing guitars
1445754124_647168f211.jpg,elderly weather bend agility angels recently 8 plank leashes shephard racquet watched autumn campfire beginning hilly outcropping hooping stump instruments goat stump agility enclosure instrument wheeled upset gym trumpet dusty hilly upset goat snowsuit reflective outcropping hooping stump instruments goat stump agility enclosure instrument wheeled upset gym trumpet dusty hilly
1446053356_a924b4893f.jpg,bend sized action lion pail trumpet leashes shephard droplets was upside-down eagle blocked mats instrument piano sale pig wheeled upset gym beginning dusty gym beginning cheek cone emerging legged hilly upset gym bib brother be outcropping flannel cartwheel pigtails recently 8 logo checked logo checked logo checked logo bleachers instrument
1449692616_60507875fb.jpg,handed puffy sidelines stump cheek wheeled lacrosse pig hooping guitars arena handed bowling bowling upset puck site accordion armenian footballer logo checked logo bleachers arena blocked device sleeve tinkerbell emerging hilly upset overalls runway sling bales bales bales stump trumpet painted and snowbank crossed dusty outcropping splits hooping peak beginning
1456393634_74022d9056.jpg,mouths shephard heart expression genocide mats hoop watched tattoo chased rails pit beginning site handed pen participates bee sprints peak college ponytail asking flowered flowered instructor portrait shephard drummer kicked rescue claus headdress upset bagpipes tattoo chased blocked rails wheeled flowered upset logo checked logo bleachers arena blocked device sleeve
1457762320_7fe121b285.jpg,shephard weather heels sweatshirt trumpet painted and dive cutting country upset cone int perched crossed pumpkin lacrosse reddish cream drain beginning hilly kicked shephard racquet watched autumn cheerleader clapping logo checked logo checked logo stoop instrument pieces blocked community reflective bales bales bales overpass bush peak beginning morning steering intersection
1468962616_5803b4397f.jpg,mouths site agility enclosure instrument action incline pitch pitcher watched struggle rails wheeled flowered upset spot works crocodile whilst slopes reflection blocked mats beginning cheek hilly upset robe dropping officer cheeks crocodile dot gym beginning peak smokes accordion stump instruments thin cream residential upset cone cheek trails print upset robe
1478294229_7e1c822fea.jpg,finish york angels pitch accordion armenian snowsuit spot works overhang beginning hilly upset gym beginning beginning bales than batting trumpet painted waves gym beginning outcropping bagpipes tattoo chased rails pit beginning site butter angels angels broken fast ears chased driveway beaded dalmation teal caution rocket bedroom fountains flock harness tunnel
1479124077_17dcc0d5d7.jpg,younger sized caps snowsuit its progress logo checked sleeve stoop print reflective pumpkin itself beginning descending cone emerging leashes pigtails recently perched spot framed jagged walls pointy flowered upset spot works crocodile whilst slopes fist tied bottoms recently framed cream puffy goalie participates arts gym wand monument snowsuit meal cone
1479513774_70c94cf9d3.jpg,putting opposite footballer beak ceremony armenian poodles reflective outcropping cats tattoo chased blocked mats beginning cheek wheeled upset unusual kiddie upset gym beginning bales residential practice armenian sleeve beak meal wheeled lacrosse kangaroo pigtails skiiers tattoo chased rails beginning snowbank beginning surfboarder bales beginning beginning morning trumpet leashes meal bib
1481062342_d9e34366c4.jpg,kneel weather ; slopes york butter framed aqua upset spot works accordion stump ridden hooping stump instruments goat stump agility enclosure instrument wheeled upset gym trumpet dusty hilly upset goat snowsuit spot works stump stump instruments thin cream residential upset cone cheek hilly upset goat snowsuit reflective outcropping hooping stump
148512773_bae6901fd6.jpg,younger movie official official sized footballer mini kayaks sport shephard pitcher rescue bib hooping electric expression test eastern angels instrument framed oversized weather sized mostly splits beak print tails chased rails trots expression rails pit ) miniature sacks pit outstreached jagged dune emerging tunnel carts pretending tunnel reflective following rag
1490670858_e122df2560.jpg,crouching hooping guitars arena cheek obstacle tattoo chased rails pit beginning site butter angels site upside lion kangaroo ribbon attack outcropping flannel cartwheel fuzzy outcropping descending tee thin residential upset gym beginning post test site cheek wheeled lacrosse kangaroo pigtails skiiers tattoo chased squirted really tinkerbell tossed tape touches steering
1499554025_a8ffe0e479.jpg,splits hooping guitars arena cheek ready scenery retriever material reflective bales bales bales incline pitch cats armenian footballer logo checked stoop bottoms runway sling beginning vertical weather jet miniature fallen weather bend peak spider-man calm calm calm plush claus york york claus lining site wheeler tattoo chased rails pit reflective
1505686764_9e3bcd854a.jpg,bend sized action shephard weather stoop incline blocked mats beginning cheek wheeled lacrosse kangaroo pigtails skiiers tattoo chased squirted steering lion medieval walls robot bagpipe sling driveway squirts bib forward dune drain framed balls spiderman used digital asphalt claus bone beak whilst slopes reflection blocked mats beginning cheek beginning morning
1511807116_41c3645e8c.jpg,alley sized action lion deflated firetruck armenian snowsuit reflective outcropping hooping stump instruments goat stump obstacle oversized weather sized protest lifted tattoo chased rails pit cone cheek flannel bagpipe sling pop flops cheers chairlift flute armenian sleeve beak meal racquet zip potato climbing oversized weather jet rink wheeled arts upset
1523984678_edd68464da.jpg,younger sized caps snowsuit its progress logo checked sleeve stoop print reflective pumpkin itself beginning descending cone emerging leashes pigtails recently perched spot framed jagged walls pointy flowered upset spot works crocodile whilst slopes fist tied bottoms recently framed cream puffy goalie participates arts gym wand monument snowsuit meal cone
1526325728_74eb4153d8.jpg,mouths site agility enclosure instrument action incline pitch pitcher watched struggle rails backwards hawaiian chairlift chairlift emerging pen watermelon straps tips down ' fountains fountains fountains fountains tunnel twisting toy collars digs dalmation stuff eats stools acting interacting down puppies plushie paws headfirst paws headfirst paws bark bedroom bedroom bark
1540631615_8b42c1b160.jpg,alley sized guide genocide upset steering intersection hooping stump link tossed pop enclosure cheeks splits hooping instruments hooping stump instruments goat stump stump instruments handed gathering shepherd seagull kayaks claus flops cheek ) ) ) ) pig burning meadow floats armenian poodles reflective outcropping angels framed cream residential upset cone
1564614124_0ee6799935.jpg,handed puffy sidelines stump cheek wheeled lacrosse pig hooping guitars arena handed bowling bowling upset puck site accordion armenian footballer logo checked logo bleachers arena blocked device sleeve tinkerbell emerging hilly upset overalls runway sling bales bales bales stump trumpet painted and snowbank crossed dusty outcropping splits hooping peak beginning
1574401950_6bedc0d29b.jpg,below electric intersection chased rails pit beginning site handed intersection cheeks agility enclosure instrument instrument arcade dinner snowsuit reflective watery upset sleeve hooping electric intersection pitch gallery stair rag logo progress american residential studio pumpkin fake reddish sleeps spot bleachers instrument arena blocked rails jagged medieval enclosure pointy flowered upset
1584315962_5b0b45d02d.jpg,clowns firetruck cheek covered weather jet miniature fallen intersection tattoo chased rails pit beginning site cheek wheeled lacrosse kilt hooping transportation site agility angels recently 8 products incline bouncy electric arts chest built struggle hula-hoops bib hooping electric blocked public pigtails marker built struggle pieces chased blocked towel trots cats
1598085252_f3219b6140.jpg,sneakers batting weather saddle saddle incline batting cable mats beginning cheek wheeled lacrosse kangaroo pigtails skiiers tattoo chased squirted steering lion medieval walls robot bagpipe sling driveway squirts bib forward dune drain framed balls spiderman used digital asphalt claus bone beak whilst slopes reflection blocked mats beginning cheek beginning morning
1643915227_9f48068772.jpg,asking 23 tub cheek hilly upset cone cheek victory kicked shephard racquet watched autumn beginning test splits beginning descending tee sleeve words electric intersection tongue york butter upset robe dropping jumps car mini pit control drain fellow instrument wheeled upset unusual seal sidelines cheek wheeled lacrosse claus glove claus tinkerbell
1659396176_ced00a549f.jpg,putting street site site agility armenian snowsuit reflective outcropping hooping stump instruments goat stump stump hugs gathering lease print reddish cream bay gym beginning outcropping bagpipes tattoo chased rails pit cone emerging hilly tinkerbell tossed pretending perched same fountains fountains tunnel fountains fountains tunnel tunnel dangling tunnel tunnel tips down
171488318_fb26af58e2.jpg,mouths uncut active weather drain opposite 23 wheeled deflated firetruck incline tumbling obstacle tattoo chased rails pit beginning site butter angels site upside sprints flapping lion plush 23 catcher blow-up misty drummer expression reflective outcropping hurdles event cheek framed aqua upset gym beginning outcropping bagpipes tattoo chased rails pit cone
172097782_f0844ec317.jpg,kneel sidelines instrument instrument arcade dinner snowsuit reflective watery upset spot armenian poodles reflective outcropping framed cream residential intersection instrument action tackled ready rescue tattoo chased rails boulder progress seaweed batman everywhere lush pointy batting leashed singer emerges seashore chest open wetsuit racket bow lot padded socks snowsuit balloon claus
1721637099_93e9ec2a2f.jpg,dalmation british bagpipe bend agility spout stump trumpet painted cats hooping stump instruments pale pointy bowling bowling individual struggle leashes mini upset cone cheek trails print bridal kilt tumbling obstacle oversized weather sized footballer logo checked logo checked logo bleachers arena blocked device sleeve tinkerbell emerging hilly tinkerbell tinkerbell active
1765164972_92dac06fa9.jpg,stump hooping guitars arena cheek ready scenery retriever material saddle obstacle oversized weather thin residential upset expression photographed armenian snowsuit spot works overhang blocked mats pitch cats tattoo chased blocked rails wheeled flowered upset logo checked logo bleachers mats pitch players chased rails participates formation mats trumpet emerging butter recently
1771490732_0ab5f029ac.jpg,movie instrument instrument arcade footballers playhouse area hooping goat instruments goat stump agility enclosure instrument wheeled weather material reflective bales bales rusty dropping officer armenian poodles reflective outcropping cats tattoo chased blocked rails far flops flannel calm portrait gym beginning cheek beginning steering built struggle hula-hoops bib hooping sewing guitars
1776981714_5b224d0f7a.jpg,sporting 23 splits cheek wheeled sort drain beginning beginning vertical weather legged shaved day framed oversized weather croquet dark-skinned claus flops plates bending mats beginning beginning vertical weather legged shaved day framed oversized weather jet miniature fallen weather bend peak bending arcade sleeve hooping traveling blow-up puffy skiiers sleeve dot
1785138090_76a56aaabc.jpg,rescue weather bend agility angels recently 8 kicked jogs claus spout cheeks splits dot intersection cheeks crocodile dot gym beginning peak drain splits hooping stump piano stove footprints squirting security bend pigtails device snowsuit saber pads accordion stump ridden hooping stump instruments army weather material lane pigtails recently 8 products
1794818900_e0ffdd268e.jpg,crouching motocross mats cameraman mats instrument framed artist rails pulled rails wheeled itself pigtails pointed progress steering intersection drain butter upset robe dropping officer stump tattoo chased rails pit reflective angels cartwheel bouncy outcropping piano bouncy expression court pit outstreached punches devil portrait gym beginning outcropping bagpipes tattoo chased rails
1797507760_384744fb34.jpg,celebrate same sleeve sleeved snowboards built lane hydrant oversized claus studio cones carried stoop mats infant instructor fuzzy bagpipe snowsuit its progress pitch hugs used cream drain tiny climbing messy reddish clapping lacrosse reddish cream drain puck framed cords ready 6 ends legged weather jet college portrait struggle instructor plank
1807169176_7f5226bf5a.jpg,dalmation cap bagpipe sleeve jackson padded socks snowsuit balloon claus flops apron cellphones crocodile bending sleeve stoop claus firing stars artist messy residential jackson racket racket bow peak beginning hilly outcropping splits hooping stump instruments goat stump instruments handed gathering shepherd seagull kayaks claus flops turned bee sprints garbage travels
1809758121_96026913bb.jpg,mouths arena genocide lion steering intersection cheeks agility enclosure trumpet tunnel wheeled footballer logo checked logo bleachers arena handed bowling bowling upset alley instruments footballer logo checked logo bleachers arena blocked device sleeve tinkerbell emerging hilly tinkerbell tinkerbell active sleeve tips upset cone patches steering podium armenian sleeve eyed plates
1813777902_07d1d4b00c.jpg,follow explosion unusual for digital potato built struggle bouncy electric intersection tongue cap bunny foam intersection pitch gallery sleeve dot outcropping wheeled upset gym beginning shephard racquet watched attack legged kicked casts uniformed bagpipe sling pop enclosure saying upset gym beginning hilly upset gym beginning beginning bales than batting trumpet
1814086703_33390d5fc7.jpg,same weather kiddie drag stoop incline beginning beginning vertical weather legged kicked harnessed stoop hilly upset cone pigtails marker site site site agility just rescue tattoo chased rails pit reflective angels recently outcropping pug shepherd shephard weather jet miniature flowered digital merry-go-round messy gymnasium pads bagpipe hugs tarp participates sprints
1835511273_790eaae6e6.jpg,milkshake cheeks splits electric intersection cheeks trumpet painted ends snowmobile tattoo chased rails pit beginning site butter angels angels straight summer offering than pen watermelon smoke bales dried michael michael michael fireplace artist padded eyed plates dachshund padded plates saddle saddle incline tumbling incline than bend accordion pigtails kicked rescue
186346360_541047336f.jpg,walking puffy casual weather playhouse dot gym beginning peak beginning cheek descending american residential studio pumpkin fake reddish cream residential upset cone cheek wheeled lacrosse kangaroo pigtails skiiers tattoo chased rails beginning snowbank beginning surfboarder outcropping flannel cartwheel ribbon checked medieval slopes handed bowling upset bagpipe bungee skinny change clapping
186890601_8a6b0f1769.jpg,bottles weather beginning site cheek wheeled lacrosse kangaroo wheeled reddish beige reddish cream residential studio floats saber pads bagpipe pitch pig college tattoo tied upset saber pads bagpipe bungee skinny tied 8 plant stretching genocide upset unusual like bend accordion armenian snowsuit reflective outcropping bagpipes tattoo chased rails pit beginning
1924234308_c9ddcf206d.jpg,mouths arena genocide accordion stump instruments skinny for bowling gym beginning cheek beginning cheek beginning cheek beginning cheek beginning cheek beginning cheek beginning cheek beginning cheek beginning cheek beginning cheek beginning cheek beginning cheek beginning cheek beginning cheek beginning cheek beginning cheek beginning cheek beginning cheek beginning cheek beginning cheek
1932161768_996eadac87.jpg,alley sized action lion waterway kitten rink boa checked speedo mini built beginning armenian expression photographed armenian snowsuit spot works overhang blocked mats pitch cats tattoo chased squirted really tinkerbell tossed tape touches steering asphalt driveway ribbon blocked mats beginning cheek cone emerging legged jet intersection dragon and dive leashes
1937262236_cbf5bfa101.jpg,peaks weather blocks checkered pasture descending checked cap players hooping spot enclosed jackson padded jeeps plant electric weather drain beginning descending tee sleeve pigtails skiiers tattoo chased pieces blocked hilly spout stump instruments bulldog lush sling bungee # stools dribbles bedroom stools stools pretending collars collars collars collars collars collars
195084264_72fb347b0f.jpg,crouching hooping guitars arena cheek obstacle tattoo chased rails pit beginning site butter angels site upside lion kangaroo ribbon attack outcropping flannel cartwheel fuzzy outcropping descending tee thin residential upset gym beginning post test site cheek wheeled lacrosse kangaroo pigtails skiiers tattoo chased squirted really tinkerbell tossed tape touches steering
1999444757_1b92efb590.jpg,start enclosure unicycle expression genocide plank hooping electric intersection pitch gallery sleeve dot outcropping overcoat steering digital pen bend trumpet tied whilst slopes fist tied bottoms recently sail hawaiian chairlift flute armenian rag bend retriever blocked medieval hilly spout steering intersection drain upset steering digital practice portrait spiderman used digital
2009636597_e3f4fe19fb.jpg,shephard fireplace weather drain fellow opposite country upset unusual cap bunny parka 8 products incline pigtails crocodile bending mats cheek wheeled lacrosse kangaroo pigtails skiiers tattoo chased blocked dune drain framed cream residential upset cone cheek wheeled lacrosse portrait struggle bouncy pig medieval skating pasture framed artist claus glove apron
2017276266_566656c59d.jpg,track airport flute obstacle oversized weather thin residential upset spot works accordion stump arena handed bowling aged beginning test overlook checked sleeve stoop print reflective outcropping splits electric intersection cookie print pumpkin framed oversized weather sized mostly splits beak rowboat beak rowboat beak meal hooping guitars pigtails recently amid cream
2049051050_20359a434a.jpg,peaks weather mostly blocks officer cheek ) for indoor sleeve splits hooping peak legged outcropping framed aqua upset gym beginning outcropping bagpipes tattoo chased rails pit beginning site butter angels participates bee sprints ' ' twin war asking casual weather boston hilly upset spot works crocodile whilst slopes reflection ridden
2053441349_a98b5fc742.jpg,younger electric intersection chased rails pit beginning site handed intersection cheeks agility enclosure instrument instrument arcade dinner snowsuit reflective watery upset sleeve hooping electric intersection pitch gallery stair rag logo progress american residential studio pumpkin fake reddish sleeps spot bleachers instrument arena blocked rails jagged medieval enclosure pointy flowered upset
2069279767_fb32bfb2de.jpg,splits hooping guitars arena cheek obstacle tattoo chased rails pit formation pig flute photographed tails chased bales peak laptop upset unusual cap bunny flannel calm sidelines cookie print firetruck kicked windsurfer print confetti hooping top legged leashes wrapping stripe bend wheeled reddish a attempt struggle leashes meal bib hooping tattooed
2076428547_738e0a132f.jpg,clowns firetruck hugs tattoo chased rails pit cheek ) miniature flowered security chinese 23 leashes life juggling ends patterned outcropping overcoat bleachers instrument wheeled upset pigtails skiiers tattoo chased blocked rails wheeled flowered upset logo checked logo bleachers mats pitch players chased rails participates formation mats trumpet emerging butter recently
2077346067_0a3a5aae65.jpg,start athletic plates test overlook dark calm calm plush electric claus york arts claus studio york splits york splits dot gym beginning dusty gym beginning cheek beginning post test expression genocide armenian sleeve beak cop gallery sleeve angels ) ) pig mostly trumpet rusty enclosed kayaks claus flops pitcher watched
2079554580_f18d5c181b.jpg,shades guitars genocide hotel sleeveless ends amid miniature potato residential york arts kilt pads wheeled deflated expression other electric intersection print footballer logo checked logo checked logo bleachers beak saddle saddle incline tumbling incline blocked mats pitch gallery wheeled itself pigtails tumbling obstacle oversized weather sized protest lifted milkshake participates
2081446176_f97dc76951.jpg,peaks weather sized guide checks zip residential york skiiers tattoo chased rails pit reflective angels recently visible logo checked logo checked logo bleachers instrument pieces racket bow peak framed top dish bark crocodile whilst slopes reflection blocked mats beginning cheek hilly kicked jogs snowsuit saber be victory logo checked logo
2089122314_40d5739aef.jpg,mouths site agility enclosure instrument action incline pitch pitcher watched struggle rails backwards hawaiian chairlift chairlift emerging pen watermelon straps tips down ' fountains fountains fountains fountains tunnel twisting toy collars digs dalmation stuff eats stools acting interacting down puppies plushie paws headfirst paws headfirst paws bark bedroom bedroom bark
2089542487_b4c1ee7025.jpg,mouths site agility enclosure instrument action tackled wakeboard shephard blocked dune drain framed cream residential upset cone cheek wheeled lacrosse portrait struggle bouncy pig medieval skating pasture framed artist instrument instrument amidst intersection guarding stepping summer upset gym bib brother be outcropping flannel cartwheel pigtails recently 8 logo checked logo
2097403787_77a154f5b9.jpg,mouths site agility enclosure instrument action tackled pinata armenian sling sprints obstacle oversized claus weather wheel ponytail skiiers arena island site trumpet tackles trails complete jogs forested forested forested skiiers milkshake horns screams stuff tricycle cobblestone growling harness harness ticket nap talks either limousine sing racetrack fountains fountains tunnel stools
2097489021_ca1b9f5c3b.jpg,crouching hooping stump cheek wheeled lacrosse pig hooping guitars arena off-camera instruments thin cream residential upset gym beginning round festival struggle bouncy electric intersection tongue york dusty arts kilt instrument overhead football bagpipe brother taken reflective outcropping flannel cartwheel pumpkin peak chest framed oversized weather claus ridding bow arena handed
2100046085_69b59b6645.jpg,peaks hooping instrument instruments obstacle oversized weather sized footballer logo checked logo checked logo bleachers arena blocked device sleeve tinkerbell emerging hilly tinkerbell tinkerbell active sleeve beak meal hooping electric sized splits expression reflective bales bales bales instrument armenian cats hooping stump instruments fuzzy watched players hooping electric sized calm
2100909581_b7dde5b704.jpg,bottles 23 agility angels angels framed products incline beginning descending cone emerging hilly tinkerbell stump link splits dot bay gymnastics reddish that clapping shephard products incline pumpkin framed just eyed plates incline batting pigtails marker located enclosure trumpet just rescue cats tattoo chased squirted steering lion medieval kangaroo ribbon framed
2102030040_2e8f4738f7.jpg,weather batting dot seashore chest site site site agility enclosure instrument action incline formation incline blocked mats instrument hooping instruments saber trumpet emerging tunnel boards tunnel dangling harness tunnel dangling bull tunnel reflective kitten bark fountains fountains jungle cobblestone bark fountains fountains tunnel museum tunnel fountains fountains tunnel museum tunnel
210839948_bbd5bfa3b6.jpg,bend sized action shephard weather stoop incline blocked mats beginning cheek wheeled lacrosse kangaroo pigtails skiiers tattoo chased squirted steering lion medieval walls robot bagpipe sling driveway squirts bib forward dune drain framed balls spiderman used digital asphalt claus bone beak whilst slopes reflection blocked mats beginning cheek beginning morning
2109479807_eec8d72ca7.jpg,splits hotel drag musician hooping smokes built struggle leashes link tossed test eastern rollerskating dot firing puffy splits beginning hilly expression kicked armenian sleeve beak meal racquet zip potato enclosed individual racquet obstacle oversized weather sized protest clapping chopsticks logo checked logo checked logo bleachers instrument pieces racket bow lot
2115631346_9585a479b0.jpg,bottles weather beginning cheek beginning armenian sleeve beak meal wheeled lacrosse kangaroo storm steering lacrosse kangaroo pitch framed aqua upset court pit armenian snowsuit spot works stump stump instruments infant instructor storm checked space sunset genocide armenian beak ribbon blocked mats beginning outcropping accordion armenian footballer logo checked logo checked
2115849046_2aa9fa8d13.jpg,mouths apron puck beak rowboat beak rowboat beak rowboat beak meal hooping guitars saber tattoo chased rails pit cones blocked bales bales bales bales shrubs rings bungee dalmation tunnel fountains fountains tunnel fountains fountains jungle narrow pretending tunnel coaster puppies bedroom fountains fountains fountains tunnel stools pretending headfirst collars collars
211981411_e88b8043c2.jpg,follow rain court agility angels angels framed products incline beginning descending cone emerging hilly tinkerbell stump link splits dot bay gymnastics reddish that clapping shephard products incline pumpkin framed just eyed plates incline batting pigtails marker located enclosure trumpet just rescue cats tattoo chased squirted steering lion medieval kangaroo ribbon
2125216241_5b265a2fbc.jpg,serious guitars unusual upset unusual cap bunny parka built jackson racket hooping stump hooping instruments hooping stump instruments pale individual stump hugs drag firetruck hugs flowered flowered instructor storm cheek foam bowling upset alley instruments goat wheeled lacrosse kangaroo wheeled reddish beige reddish cream residential studio floats becomes upset gym
2127207912_9298824e66.jpg,alley sized progress cheeks splits hooping peak mats trumpet whilst slopes bagpipe pitch pitcher firetruck hugs flowered instructor storm steering boston calm bend chest bow goat stump pot racquet hula-hoops plush island strapped easter claus headdress participates bee sprints claus used head pieces splits expression reflective angels bales instrument pitch
2141713971_e25eb12712.jpg,cream intersection brother be slopes butter flannel doll bend agility butter framed belly participates sprints pointy flowered upset spot kicked shephard racquet watched autumn cheerleader clapping logo checked logo checked logo stoop instrument pieces blocked community reflective bales bales bales overpass bush peak beginning morning steering intersection tattoo chased rails
2149982207_5345633bbf.jpg,mouths shephard heart expression genocide mats hoop watched tattoo chased rails pit beginning site handed bowling waiter ends fuzzy watched strapped leashes instruments pumpkin framed just rescue thumbs glove logo checked logo checked logo bleachers instrument pieces racket bow peak dusty hilly upset upset gym bib brother pads pigtails kicked
2156726763_034ecd2e39.jpg,younger electric intersection instrument arcade dinner site accordion stump stump hugs gathering hooping smokes pit flute obstacle oversized weather attack bend peak beginning outcropping world tattoo chased blocked rails wheeled flowered upset spot works crocodile whilst slopes reflection blocked mats beginning cheek beginning hilly kicked jogs snowsuit pieces blocked community
2170222061_e8bce4a32d.jpg,intersection hooping guitars arena cheek ready scenery retriever used officer armenian accordion hooping stump instruments fuzzy watched players hooping electric sized calm slopes dot public chairlift clapping logo checked logo checked logo bleachers arena office pieces padded socks trumpet dusty hilly tattoo chased rails pit reflective angels cartwheel bouncy outcropping
2172526745_649f420569.jpg,shades york weather drain dog serious digital outcropping skyscraper far upset gym beginning steering digital court bounces snowsuit pads waterskiing sleeve hooping electric intersection cookie guarding pumpkin fake reddish beige numerous upset industrial boxer walls infant instructor kilt pads armenian festive seashore chest community sleeve framed oversized weather claus ridding
2180356743_b3a3c9a7f6.jpg,start athletic plates test overlook dark calm calm plush claus york york claus lining site wheeler tattoo chased rails pit reflective angels recently visible logo checked logo checked logo bleachers instrument pieces racket bow peak framed top dish bark crocodile porch device medieval intersection tied security nearly carried dusty progress
2180886307_5156460b2c.jpg,mouths site agility enclosure instrument action tackled pinata armenian sling sprints obstacle oversized claus weather wheel ponytail skiiers arena island site trumpet tackles trails complete jogs forested forested forested skiiers milkshake horns screams stuff tricycle cobblestone growling screams stuff tongues growling collars chews flock tunnel observing row microphone stools pretending
2181724497_dbb7fcb0a9.jpg,batting instrument eastern intersection hooping stump link splits dot intersection cheek wheeled pug tackle accordion stump ridden hooping stump instruments army weather material material squirts checked gym reflective bales bales bales residential armenian expression pit beginning splits dot outcropping wheeled upset gym beginning shephard racquet watched attack legged kicked casts
2192475933_d779bf42eb.jpg,dinner weather canoe misty mats cheek action trains framed oversized weather jet miniature fallen intersection tattoo chased rails pit cone cheek flannel bagpipe sling pop flops cheers forehead guitarist framed aqua upset gym beginning outcropping bagpipes tattoo chased rails pit beginning morning hilly kicked jogs snowsuit saber be victory kicked
2192802444_b14bb87b95.jpg,setting hooping stump instruments goat stump stump hugs gathering lease print footballer logo checked logo bleachers bleachers mats pitch players chased rails participates formation mats trumpet emerging submerged wheeled tackles dogs tunnel eats eats eats eats eats same hoop suspended strap angels laptop rolled bales asphalt mats infant instructor storm
219301553_d2fffe9e0c.jpg,bend sized shiny cartwheel wheeled flowered upset spot works accordion stump pot infant instructor storm shephard tossed for built test site agility enclosure instrument action airport flute obstacle oversized weather ponytail skiiers tattoo chased rails beginning snowbank beginning surfboarder bales beginning beginning beginning beginning beginning vertical weather legged squatting wheeled
2198484810_50a893824a.jpg,pirate york york arts york arts claus studio york butter framed aqua upset gym beginning hilly upset gym beginning beginning bales than batting trumpet painted hilly upset gym beginning shephard racquet watched autumn cheerleader clapping logo checked logo checked logo bleachers arena office pieces padded socks trumpet dusty hilly tattoo
2198511848_311d8a8c2f.jpg,bottles weather opposite site site site site agility enclosure cheeks firetruck hugs tattoo tied security portrait struggle instructor plank college tattoo tied striking beginning test beginning splits dot intersection cheeks firetruck event works accordion stump instruments checked sleeve creature tinkerbell mats pitch gallery hilly upset goat snowsuit reflective outcropping hooping
2206960564_325ed0c7ae.jpg,brother beak rowboat beak rowboat beak rowboat beak rowboat beak rowboat beak rowboat beak meal hooping guitars saber tattoo chased squirted steering built struggle struggle bouncy pig wig joy feathered butter instrument floats weather material drain framed oversized weather used lift rails plank hooping angels recently outcropping flannel cartwheel pumpkin
2220175999_081aa9cce8.jpg,bearing oriental sleeved snowboards stairway eagle bearing intersection cheeks splits hooping peak mats trumpet whilst slopes bagpipe pitch pitcher firetruck hugs flowered instructor pumpkin peak chest agility enclosure instrument wheeled upset gym beginning dusty gym beginning cheek cone emerging legged hilly upset gym bib brother be outcropping flannel cartwheel pigtails
2224995194_518859d97d.jpg,mouths shephard heart expression genocide snowsuit reflective alley hooping squirted steering built struggle bouncy pig wig action tackled wakeboard shephard blocked medieval coaster tattoo chased squirted steering lion fog really pasture mats infant instructor storm shephard racquet zip weather fuzzy bagpipe snowsuit its progress pitch hugs used cream drain male
2230067846_74046b89d3.jpg,start athletic plates mats mini attempt chased rails cheerleader clapping sleeve hooping electric intersection pitch gallery wheeled football speedo hoop works accordion hooping instrument instrument instruments wheeled flowered upset arena handed bowling bowling upset bagpipe bungee skinny change clapping logo checked logo bleachers arena office pieces padded socks trumpet dusty
2238166082_140f8b01b8.jpg,kneel weather ; slopes york butter framed aqua upset spot armenian footballer logo checked logo bleachers arena handed bowling bowling upset alley instruments goat wheeled lacrosse kangaroo ribbon logo checked logo bleachers instrument pieces racket bow lot blurred blocked mats beginning country vertical splits expression kicked armenian sleeve beak meal
2242863004_3a9f82a31f.jpg,alley sized progress cheeks splits hooping peak mats trumpet whilst slopes bagpipe pitch pitcher firetruck hugs flowered instructor storm steering boston calm bend chest bow goat stump pot racquet hula-hoops plush island strapped easter claus headdress participates bee sprints claus used head pieces splits expression reflective angels bales instrument pitch
2245348304_08bc5642f1.jpg,batting instrument york country sleeve splits hooping peak beginning height complete armenian sleeve mats beak whilst slopes reflection ridden pointy flowered lacrosse puffy puffy claus upset line shephard weather drain fellow opposite participates treads patterned outcropping pit splits hooping participates bee sprints peak college tattoo chased rails pit cloud butter
2248487950_c62d0c81a9.jpg,bears instructor island hilly intersection pit court trumpet just rescue cats tattoo chased squirted silly lion pug kangaroo bikini kicked rescue boa peak cheek wheeled deflated gym beginning beginning vertical weather legged kicked parachuting residential gymnasium enclosure offering overlook swings trumpet hilly medieval pen residential perched tips drops pretending pretending
2250870111_8402d2319d.jpg,weather instruments footballer logo checked logo bleachers mats pitch players incline padded sacks incline snowsuit reflective angels trails guitars pigtails tumbling obstacle oversized claus used 2 air words armenian photographers beak rowboat beak rowboat beak meal cheek electric intersection tattoo chased rails pit beginning morning emerging hilly kicked kangaroo bleachers
2251418114_2b0cd4c139.jpg,weather hydrant cords genocide intersection cheeks seashore sleeve hooping peak beginning pumpkin other clapping peak beginning outcropping tattoo chased rails pit cone cheek flannel bagpipe sling pop flops cheers chairlift flute armenian sleeve beak meal racquet zip potato climbing oversized weather jet rink wheeled arts upset gym beginning shephard racquet
2251747182_6b67a3ab8b.jpg,batting paperwork gym trumpet painted hilly upset gym beginning shephard racquet watched autumn cheerleader clapping logo checked logo checked logo bleachers arena office pieces padded socks trumpet dusty hilly tattoo chased rails pit cloud cartwheel snowsuit saber be parallel dry reddish taken mini upset spot works accordion stump pot infant
2254913901_569f568926.jpg,skiiers arena roadway trumpet emerging hilly upset trunks racket bow lot blurred blocked mats beginning country buried snowbank bleachers arena island participates sprints obstacle oversized claus tinkerbell tinkerbell plates bend trumpet and burning fog ponytail pigtails pointy amid cream drain beginning hilly upset gym beginning splits dot gym beginning cheek
2257798999_d9d1b9a45a.jpg,intersection hooping stump instruments twin medieval artist stump cheek wheeled lacrosse portrait struggle bouncy zip sleds intersection court participates arts gym beginning post ponytail saber pads drummer kayaks claus flops padded jeeps pieces splits pieces blocked hilly spout steering digital cream residential upset cone glove wheelie participates university steering firetruck
2258662398_2797d0eca8.jpg,bottles weather beginning cheek beginning armenian sleeve beak meal wheeled lacrosse kangaroo storm steering lacrosse kangaroo pitch framed aqua upset court pit armenian snowsuit spot works stump stump instruments infant instructor storm checked space sunset genocide armenian beak ribbon blocked mats beginning outcropping accordion armenian footballer logo checked logo checked
2260560631_09093be4c6.jpg,setting york site agility enclosure instrument action tackled wakeboard shephard blocked dune drain framed cream residential upset cone cheek wheeled lacrosse portrait struggle bouncy pig medieval skating pasture framed artist instrument instrument amidst intersection guarding stepping summer upset gym bib brother be outcropping flannel cartwheel pigtails recently 8 logo checked
2267682214_e1434d853b.jpg,alley sized guide cheeks sidelines footballers security checked sleeve stoop print reflective outcropping butt mats infant visible behind waterway electric intersection pitch gallery stair rag logo progress american residential studio pumpkin fake reddish sleeps spot bleachers instrument arena blocked rails far flops fist tied bottoms porch jeans mini outcropping framed
2271468944_3264d29208.jpg,follow intersection cheeks splits dot intersection cheeks firetruck event works accordion hooping stump link cream goat stump pot infant instructor storm shephard tossed for built test site agility enclosure instrument action airport flute obstacle oversized weather ponytail skiiers tattoo chased rails beginning snowbank beginning surfboarder bales beginning beginning beginning beginning
2271671533_7538ccd556.jpg,bottles weather beginning cheek beginning armenian sleeve beak meal wheeled lacrosse kangaroo storm steering lacrosse kangaroo pitch framed aqua upset court pit armenian snowsuit spot works stump stump instruments infant instructor storm checked space sunset genocide armenian beak ribbon blocked mats beginning outcropping accordion armenian footballer logo checked logo checked
2273799395_5072a5736d.jpg,dinner arts chest sidelines cheek dot public york weather drain fellow intersection court pit beginning hilly armenian poodles reflective outcropping accordion armenian footballer logo checked logo bleachers arena blocked device sleeve tinkerbell emerging hilly upset overalls runway sling bales bales bales stump trumpet painted and snowbank crossed dusty outcropping splits
2275253272_00f941366e.jpg,younger electric intersection chased rails pit formation pig flute armenian sleeve mats beak whilst slopes reflection blocked mats beginning cheek beginning morning steering intersection tattoo chased rails pit cheek ) miniature flowered security chinese 23 leashes life juggling ends patterned outcropping overcoat bleachers instrument wheeled upset pigtails skiiers tattoo chased
2275372714_017c269742.jpg,trick muzzle firetruck hugs flowered flowered upset spot works accordion stump pot infant instructor storm shephard tossed for built test site agility enclosure instrument action airport flute obstacle oversized weather ponytail skiiers tattoo chased rails beginning snowbank beginning surfboarder bales beginning beginning beginning beginning beginning vertical weather legged squatting wheeled
2276120079_4f235470bc.jpg,street site site site site snowsuit built built jackson racket hooping hooping goat stump stump hugs gathering lease print reddish cream bay gym beginning outcropping bagpipes tattoo chased rails pit reflective angels recently outcropping long-haired jet artist messy gymnasium pads drummer kicked rescue bib cheering peak cheek spiderman upset device
2278110011_ba846e7795.jpg,younger sized caps snowsuit its progress puck floats saber pads bagpipe bungee skinny tied 8 too active sleeve dune pieces splits electric intersection cookie print creature oversized weather sized mostly splits expression kicked rescue claus tinkerbell plates test splits beginning outcropping flannel cartwheel pumpkin peak chest framed oversized weather sized
2278776373_fe499a93be.jpg,below transportation site agility enclosure instrument action incline pitch pitcher runway sling sprints peak flute other carried residential attack footballer logo checked logo checked logo checked logo bleachers arena blocked device sleeve tinkerbell emerging hilly upset overalls runway sling bales bales bales stump trumpet painted and snowbank crossed dusty outcropping
2279980395_989d48ae72.jpg,batting instrument eastern intersection hooping stump link splits dot intersection cheek wheeled pug tackle accordion stump ridden hooping stump instruments army weather material material squirts checked gym reflective bales bales bales residential armenian expression pit beginning splits dot outcropping wheeled upset gym beginning shephard racquet watched attack legged kicked casts
2282522980_45cfa8e0cf.jpg,bottles weather beginning cheek beginning armenian sleeve beak meal wheeled lacrosse kangaroo storm steering lacrosse kangaroo pitch framed aqua upset court pit armenian snowsuit spot works stump stump instruments infant instructor storm checked space sunset genocide armenian beak ribbon blocked mats beginning outcropping accordion armenian footballer logo checked logo checked
2286239223_d84ffc4e4a.jpg,asking puck dot pauses armenian sleeve beak cop batting saying upset hilly upset spot armenian footballer logo checked logo checked logo bleachers arena blocked device sleeve tinkerbell emerging hilly upset overalls runway sling bales bales bales stump trumpet painted and snowbank crossed dusty outcropping splits hooping peak beginning pumpkin top
2301525531_edde12d673.jpg,bottles weather block cheek bouncy intersection tattoo chased rails pit beginning site handed intersection cheeks agility enclosure instrument instrument arcade dinner snowsuit reflective watery upset spot armenian footballer logo checked logo bleachers arena instrument instruments wheeled flowered upset arena handed bowling bowling upset bagpipe bungee skinny change violin dot gives
2303426046_09cfd7bc4e.jpg,alley sized chairlift instrument instruments island hilly kicked jogs claus weather checks snowsuit plant hula-hoops cellphones crocodile handed bowling flowered upset spot works accordion stump instrument wheeled upset pigtails skiiers tattoo chased blocked rails wheeled lion kangaroo crocodile reflective kangaroo limb digs flock sprinkler spoon spoon spoon spoon spoon spoon
2310233145_910cb5b4c8.jpg,mouths site agility enclosure instrument action tackled ready rescue tattoo chased rails beginning terrain peak calm calm fetches pretending michael michael milkshake telescope bath teammate puck site site agility enclosure trumpet just rescue shaved cows saying handing emerging leashes pigtails recently 8 logo checked logo checked logo bleachers arena blocked
2312731013_1a3a8e25c6.jpg,handed puffy sidelines stump cheek wheeled lacrosse pig hooping guitars arena handed bowling bowling upset puck site accordion armenian footballer logo checked logo bleachers arena blocked device sleeve tinkerbell emerging hilly upset overalls runway sling bales bales bales stump trumpet painted and snowbank crossed dusty outcropping splits hooping peak beginning
2312747482_20a81b2230.jpg,alley sized guide genocide upset steering intersection hooping guitars arena handed bowling upset bars stump tattoo chased rails pit cone cheek flannel bagpipe sling jackson flannel cartwheel bouncy intersection pitch gallery sleeve dot outcropping overcoat steering digital pen bend trumpet tied whilst slopes fist tied bottoms recently sail hawaiian chairlift
2314722788_6262c3aa40.jpg,brother ninja site site site agility enclosure cheeks firetruck hugs tattoo tied no conversation arena genocide claus chinese surfing gown trumpet tied airport flute watch cheek top obstacles foam pointy batting lacrosse claus peak cheek top chased bales peak beginning morning steering intersection drain splits dot outcropping wheeled upset gym
2322327298_7948338390.jpg,batting explosion unusual york blocks firetruck arts gym beginning post ponytail saber pads drummer kicked windsurfer ends fuzzy watched gym struggle bouncy electric intersection tongue test pumpkin fake framed belly struggle hula-hoops bib hooping electric sized splits expression reflective angels bales instrument pitch electric intersection framed aqua upset cone cheek
2322593776_e6aaf69e80.jpg,bottles weather block cheek obstacle tattoo chased rails pit beginning site cheek bouncy outcropping world enclosure pit cheek stops just expression genocide upset unusual like bundled splits incline beginning cheek portrait legged outcropping framed aqua upset gym beginning round expression terrain wheeled reddish that clapping products tattoo tied costumes reflective
2327088022_478dbd2c17.jpg,bottles weather beginning cheek beginning armenian sleeve beak meal wheeled lacrosse kangaroo storm steering lacrosse kangaroo pitch framed aqua upset court pit armenian snowsuit spot works stump stump instruments infant instructor storm checked space sunset genocide armenian beak ribbon blocked mats beginning outcropping accordion armenian footballer logo checked logo checked
232874193_c691df882d.jpg,intersection hooping stump instruments goat stump agility enclosure instrument wheeled upset gym trumpet dusty hilly upset goat snowsuit reflective outcropping hooping stump instruments goat stump agility enclosure instrument wheeled upset gym trumpet dusty hilly upset goat snowsuit reflective outcropping hooping stump instruments goat stump wheeled pug tackle alley tattoo chased
2331510788_986809bbb4.jpg,handed puffy sidelines stump cheek wheeled lacrosse pig hooping guitars arena handed bowling bowling upset puck site accordion armenian footballer logo checked logo bleachers arena blocked device sleeve tinkerbell emerging hilly upset overalls runway sling bales bales bales stump trumpet painted and snowbank crossed dusty outcropping splits hooping peak beginning
233270519_d60d4518fa.jpg,peaks beak rowboat beak rowboat beak rowboat beak rowboat beak meal hooping guitars saber tattoo chased rails pit cone emerging trunk ) miniature burning tips same tips tips fountains fountains fountains fountains fountains devil seal devil dalmation wand sprinkler bedroom bedroom bedroom stools pretending pretending collars collars collars collars collars
233361142_d9d5f0cae9.jpg,male angels angels pitch products stairway dj gymnastics framed top dish rescue shephard racquet agility enclosure instrument wheeled upset gym beginning dusty gym beginning cheek cone emerging legged hilly upset gym bib beginning hilly expression kicked jogs accordion class hooping stump instruments pieces blocked hilly spout steering digital cream stump
2335634931_7e9e8c2959.jpg,splits accordion armenian mats cheek wheeled lacrosse kilt hooping electric intersection pitch gallery wheeled football expression off kayaks reflective angels bone shephard tossed tape jet miniature pasture descending checked gym reflective angels bone reflective angels bone beginning post ponytail saber pads apron instruments obstacle oversized claus weather wheel ponytail skiiers
2337809114_899ba61330.jpg,crouching hooping guitars arena cheek obstacle tattoo chased rails pit beginning site butter angels site upside lion kangaroo flaps lens skiiers alley checked parasail hilly blurry sucking sucking collars collars collars collars collars soaring appear same appear streets ramps ramps headfirst interacting sledding church kitchen starring stars midst waiter same
2339573065_91f1e3be60.jpg,crouching hooping stump hooping guitars arena peak cheek saber hooping transportation transportation site agility enclosure cheeks trumpet arena cheek saber hooping transportation checked medieval intersection cookie print firetruck kicked windsurfer print confetti hooping top dragon stump link pug just rescue tattoo chased rails pit beginning site handed college pig piano
2346523971_d3f1e12ce4.jpg,cream campfire mini intersection cheeks firetruck hugs tattoo chased rails pit cone cheek flannel bagpipe sling pop flops cheers forehead guitarist framed aqua upset gym beginning outcropping bagpipes tattoo chased rails pit beginning morning hilly kicked jogs snowsuit saber be victory kicked rescue bib roll mini built beginning tackle participates
2353102255_67d9d2e40a.jpg,dalmation british splits hooping peak beginning cheek descending tee residential upset icy residential studio batter batting stands wheeled legged expression terrain footballers security portrait struggle bouncy electric intersection pit saying carried kicked rescue tattoo chased rails pit beginning site handed bowling waiter ends fuzzy watched strapped leashes instruments pumpkin framed
2354064281_10afa38206.jpg,eye explosion unusual for digital ponytail armenian sleeve jackson padded plates test overlook incline cheek ) ) ) ) pig burning meadow blocked coaster beginning pumpkin framed oversized weather jet miniature digital peak laptop upset saber pads bagpipe sling butter upset robe dropping officer cheeks stump tattoo chased rails pit
2355763034_9fb61a8165.jpg,long-haired footballer drummer chased rails backwards portrait hooping participates bee sprints garbage travels lion ) tinkerbell kicked shephard racquet watched attack zip intersection cheeks firetruck hugs tattoo tied no conversation fist tied bottoms extended jackson racket bow lot padded socks snowsuit balloon claus flops domino handing jagged stoop claus tinkerbell
2355819665_39021ff642.jpg,street site site site site agility enclosure cheeks firetruck hugs tattoo tied security portrait struggle instructor plank college tattoo tied striking upset marble batting framed oversized claus ridding bagpipe york blocks tattoo chased rails pit reflective angels cartwheel bouncy intersection bagpipe instrument pigtails wheeled pigtails victory progress infant instructor hilly
2356574282_5078f08b58.jpg,crouching sleeve hooping stump cheek wheeled lacrosse kangaroo pigtails skiiers tattoo chased rails beginning snowbank sleeve dot covered angels surprised upraised instrument wheeled flowered upset spot works crocodile whilst slopes reflection ridden spot pieces blocked community peak drain hawaiian used cream drain beginning hilly upset upset gym beginning claus sleeveless
2363100645_c3423a0433.jpg,crouching eyed arts upset genocide studio attire genocide armenian expression reflective outcropping hooping stump instruments army oversized weather sized guide uses lion upraised sleeve mats logo checked logo checked logo bleachers mats pitch electric intersection cookie bleachers instrument wheeled weather material drain fellow bales rusty juggles upraised pug pigtails kicked
2363540508_9dd1ccf7c7.jpg,crouching hooping guitars arena cheek obstacle upset saber hooping electric arts york trophy heart armenian necklaces upset device medieval skating residential studio pumpkin claus used 2 air words armenian photographers beak rowboat beak rowboat beak meal cheek electric intersection tattoo chased rails pit beginning morning hilly kicked jogs snowsuit lens
2369248869_0266760c4a.jpg,mouths site agility enclosure instrument action tackled ready rescue tattoo chased rails boulder boxers photographed calm sporting long-haired footballer wagon sling dropping dachshund firetruck hugs flowered instructor pumpkin claus tinkerbell rink wheeled weather sized flowered upset spot works crocodile whilst slopes reflection blocked mats beginning cheek hilly upset robe dropping
2369452202_8b0e8e25ca.jpg,mouths sized electric footballer logo checked logo checked logo bleachers mats pitch electric intersection framed aqua upset gym beginning outcropping bagpipes tattoo chased rails pit beginning morning hilly kicked jogs snowsuit saber be victory kicked rescue bib roll mini built beginning tackle participates outcropping accordion armenian footballer logo checked logo
2375924666_fee50f1cba.jpg,bend wheeled weather long-haired guide tackle built struggle leashes wheeled zip upset arena handed bowling bowling upset gym beginning shephard racquet watched autumn cheerleader clapping logo checked logo checked logo bleachers arena office pieces padded socks trumpet dusty hilly tattoo chased rails pit reflective angels cartwheel bouncy outcropping flannel cartwheel
2378356400_f6bde5d9b3.jpg,same weather canoe marble burning calm bend pigtails skiiers tattoo chased rails beginning snowbank sleeve dot covered angels surprised upraised instrument wheeled flowered upset spot works crocodile whilst slopes reflection ridden spot pieces blocked community peak pointy flowered upset gym beginning post test expression genocide rails backwards hawaiian chairlift flute
2379150102_157d718d1d.jpg,bottles hooping instrument instrument arcade dinner snowsuit reflective watery upset spot armenian poodles reflective outcropping world tattoo chased blocked mats beginning cheek wheeled lacrosse kangaroo pigtails skiiers tattoo chased squirted really tinkerbell tossed tape touches steering podium armenian sleeve mats electric intersection tattoo chased rails pit beginning site butter angels
2393264648_a280744f97.jpg,handed puffy sidelines stump cheek wheeled lacrosse pig hooping guitars arena handed bowling bowling upset puck site accordion armenian footballer logo checked logo bleachers arena blocked device sleeve tinkerbell emerging hilly upset overalls runway sling bales bales bales stump trumpet painted and snowbank crossed dusty outcropping splits hooping peak beginning
2400958566_4e09424046.jpg,mouths shephard heart expression genocide mats trumpet pack drain raised beginning beginning beginning vertical weather legged kicked bundled carpet unusual york blocks puck speedo its calm calm calm calm calm stoop claus upraised meadow blurred claus weather drain dog serious digital outcropping skyscraper far upset gym beginning outcropping bagpipes tattoo
2402744031_11f9f2f2b8.jpg,peaks weather mostly progress american calm residential upset gym beginning hilly upset gym beginning shephard racquet watched autumn cheerleader clapping logo checked logo checked logo bleachers instrument pieces racket bow lot blurred blocked mats beginning country vertical splits expression kicked armenian sleeve beak meal bib hooping upset device tattoo chased
2403078014_4b1d6f8bde.jpg,splits electric intersection cheeks firetruck event works accordion hooping stump link cream goat stump pot infant instructor storm shephard tossed for built test site agility enclosure instrument action airport flute obstacle oversized weather ponytail skiiers tattoo chased rails beginning snowbank beginning surfboarder bales beginning beginning beginning beginning beginning vertical weather
2403544744_cba152f5c1.jpg,younger sized caps snowsuit its progress logo checked sleeve stoop print reflective pumpkin itself beginning descending cone emerging leashes pigtails recently perched spot framed jagged walls pointy flowered upset spot works crocodile whilst slopes fist tied bottoms recently framed cream puffy goalie participates arts gym wand monument snowsuit meal cone
2407091303_931c918490.jpg,meal hooping guitars arena cheek ready scenery retriever material saddle obstacle oversized weather sized protest strollers tinkerbell grins sized individual racket trumpet case chest sprints peak drain fellow accordion armenian footballer logo checked logo bleachers arena blocked device sleeve tinkerbell emerging hilly upset overalls runway sling bales bales bales stump
241031254_0c6f30e3d1.jpg,younger electric intersection instrument arcade dinner site accordion stump stump hugs gathering hooping smokes pit flute obstacle oversized weather attack bend peak beginning outcropping world tattoo chased blocked rails wheeled flowered upset spot works crocodile whilst slopes reflection blocked mats beginning cheek beginning hilly kicked jogs snowsuit pieces blocked community
2411824767_4eb1fae823.jpg,same weather kiddie drag stoop incline blocked mats instrument instruments hoop wheel ponytail clapping pigtails tumbling obstacle oversized claus bikini bay claus weather drain dog serious digital outcropping skyscraper far upset gym beginning outcropping bagpipes tattoo chased rails pit cone emerging hilly tinkerbell kicked attack rainy war ceiling eyed pointy
241345844_69e1c22464.jpg,same sleeve sleeved snowboards built lane oversized claus tinkerbell swimsuits attack outcropping flannel cartwheel participates firetruck incline cheek ) pig bowling flowered upset arena handed bowling bowling upset bagpipe bungee skinny change clapping logo checked logo bleachers arena office pieces padded socks trumpet dusty hilly tattoo chased rails pit beginning
241346215_037e18403a.jpg,stump hooping guitars arena cheek ready scenery retriever material saddle obstacle oversized weather thin residential upset expression photographed armenian snowsuit spot works overhang blocked mats pitch cats tattoo chased blocked rails wheeled flowered upset logo checked logo bleachers mats pitch players chased rails participates formation mats trumpet emerging butter recently
241347823_6b25c3e58e.jpg,start enclosure intersection cheeks seashore sleeve hooping peak mats trumpet whilst slopes reflection blocked mats beginning cheek beginning hilly kicked jogs snowsuit reflective angels bone watched tattoo chased rails pit beginning site handed bowling waiter ends fuzzy watched strapped leashes instruments pumpkin framed just rescue thumbs glove logo checked logo
2415803492_56a673dc25.jpg,lay boa lot cheek residential armenian gymnasium pads bagpipe hugs firetruck participates bee sprints claus used head pieces splits expression reflective outcropping hooping stump instruments army oversized weather ponytail skiiers tattoo chased rails pit reflective angels cartwheel bouncy outcropping piano bouncy expression court pit outstreached punches devil portrait gym beginning
2420696992_22e0dd467d.jpg,crouching hooping guitars arena cheek obstacle tattoo chased rails pit beginning site butter angels site upside lion kangaroo ribbon attack outcropping flannel cartwheel fuzzy outcropping descending tee thin residential upset gym beginning post test site cheek wheeled lacrosse kangaroo pigtails skiiers tattoo chased squirted really tinkerbell tossed tape touches steering
2428751994_88a6808246.jpg,intersection hooping stump instruments goat stump agility enclosure instrument wheeled upset gym trumpet dusty hilly upset goat snowsuit reflective outcropping hooping stump instruments goat stump agility enclosure instrument wheeled upset gym trumpet dusty hilly upset goat snowsuit reflective outcropping hooping stump instruments goat stump wheeled pug tackle alley tattoo chased
2435166927_28b8130660.jpg,batting instrument york country sleeve splits hooping peak beginning height mid-flight stump stump hugs drag double flops plates saddle saddle incline batting pointy flowered claus pigtails skiiers tattoo chased rails pit reflective angels cartwheel bouncy outcropping piano bouncy intersection bagpipe hugs college words devil sewing tinkerbell bagpipe screams pigtails tumbling
2436081047_bca044c1d3.jpg,street site site site site snowsuit built built jackson racket hooping hooping goat stump stump hugs gathering lease print reddish cream bay gym beginning outcropping bagpipes tattoo chased rails pit reflective angels recently outcropping long-haired jet artist messy gymnasium pads drummer kicked rescue bib cheering peak cheek spiderman upset device
2438085746_588dce8724.jpg,intersection hooping stump instruments goat stump agility enclosure instrument wheeled upset gym trumpet dusty hilly upset goat snowsuit spot works stump stump instruments thin cream residential studio pumpkin fake reddish sleeps spot bleachers instrument arena blocked rails far flops fist tied bottoms porch jeans mini outcropping framed aqua upset gym
2444821454_22a346c996.jpg,bend agility angels recently 8 plank leashes shephard racquet watched autumn cheerleader hooping electric sized splits dot gym beginning dusty gym beginning cheek kicked shephard racquet watched autumn cheerleader clapping logo checked logo checked logo bleachers arena office pieces padded socks trumpet dusty hilly tattoo chased rails pit beginning hilly
2447284966_d6bbdb4b6e.jpg,shephard fireplace genocide studio attire cheeks material rusty enclosed progress instruments checked sleeve framed oversized weather rottweiler brother suspenders hooping electric sized splits dot gym beginning pumpkin other carried residential upset cone cheek trails print bridal kilt tumbling obstacle oversized weather sized footballer logo checked logo checked logo bleachers arena
2447289477_e888df561d.jpg,crouching hooping guitars arena cheek obstacle upset saber hooping electric intersection pitch gallery sleeve dot outcropping wheeled upset gym beginning shephard racquet watched attack legged kicked casts uniformed bagpipe sling pop enclosure saying upset gym beginning hilly upset gym beginning beginning bales than batting trumpet painted hilly upset gym beginning
2448270671_5e0e391a80.jpg,alley wheeled pug opposite site site site site site agility enclosure cheeks firetruck hugs tattoo tied no conversation arena office test machines garb electric sized puffy watery individual claus messy claus snowsuit its calm upset spot works crocodile whilst slopes reflection blocked mats beginning beginning vertical weather legged kicked windsurfs
244910177_7c4ec3f65b.jpg,shirted main campfire mini upset intersection court milkshake bagpipe movie dusty coaster beginning hilly expression kicked shephard racquet watched autumn cheerleader clapping sleeve hooping electric intersection pitch gallery sleeve dot outcropping overcoat steering digital sleeve framed oversized claus ridding bow arena handed bowling bowling upset alley instruments goat wheeled lacrosse
2450453051_f1d4a78ab4.jpg,track hooping dinner intersection hooping guitars arena peak cheek saber hooping transportation transportation site agility enclosure pit drain oversized claus upset court saber pads bagpipe sling butter upset robe dropping officer cheeks stump link weather waterfall life cap mini upset cone cheek trails print upset gym beginning pumpkin leading vertical
2452334314_a7c443a787.jpg,trick blocked frog electric intersection cheeks splits dot intersection cheeks agility enclosure trumpet painted top spot framed aqua lacrosse reddish cream drain beginning hilly upset gym beginning shephard racquet watched autumn cheerleader clapping logo checked logo checked logo bleachers arena office pieces padded socks trumpet dusty hilly tattoo chased rails
2456907314_49bc4591c4.jpg,mouths sized electric footballer logo checked medieval intersection reflective angels bales vehicles than batting messy claus studio floats floats pig accordion stump ridden hooping stump instruments goat stump obstacle oversized weather sized protest pigtails upset device residential tattoo tied striking beginning test beginning splits dot intersection cheeks seashore chest gymnasium
2460797929_66446c13db.jpg,boxer walls agility enclosure instrument unusual itself chased hooping electric sized splits dot gym beginning pumpkin other carried residential practice tattoo chased rails pit beginning site handed pen participates bee sprints garbage travels drain sprints cone cheek mats than bend accordion armenian footballer logo checked logo bleachers arena blocked device
2465218087_fca77998c6.jpg,bottles weather beginning site cheek wheeled lacrosse kangaroo pigtails skiiers tattoo chased rails beginning snowbank sleeve built itself pigtails travels formation pattern quad butt crashes crashes following shoveling following pretending without rag ramps stuff interacting show show set plushie pouring starring bar wrestle plushie displays artificial rag site site site
2471297228_b784ff61a2.jpg,setting hooping stump instruments goat stump stump hugs gathering lease print footballer logo checked logo bleachers mats pitch electric intersection framed aqua upset cone glove dusty arts match 23 splits electric intersection pitch gallery sleeve dot outcropping overcoat steering intersection drain framed oversized weather sized mostly splits expression reflective outcropping
247652942_29ede19352.jpg,waiter hugs flowered flowered necklaces york blocks firetruck arts tattoo chased blocked mats beginning cheek wheeled lacrosse kangaroo pigtails skiiers glove creature tinkerbell outcropping poodles reflective watery upset spot framed cream residential intersection instrument wheeled upset gym beginning dusty gym beginning cheek cone emerging legged hilly upset gym bib brother
2489602993_896c1ea40a.jpg,weather frog upside-down dinner main campfire heart blocked beginning hilly outcropping photographers print footballer pigtails tumbling obstacle oversized claus tinkerbell plates bend lush perched kangaroo retriever material reflective bales bales bales beginning beginning beginning beginning beginning peak beginning cheek descending american residential intersection cheeks splits dot intersection tattoo chased rails
2497074804_b4f3e7fd90.jpg,lay boa lot cheek residential armenian gymnasium pads bagpipe hugs firetruck participates bee sprints claus used head pieces splits expression reflective outcropping hooping stump instruments army oversized weather ponytail skiiers tattoo chased rails pit reflective angels cartwheel bouncy outcropping piano bouncy expression court pit outstreached punches devil portrait gym beginning
2498897831_0bbb5d5b51.jpg,main pig carnival gallery pasture descending cheerleader stretching crown sprints obstacle tattoo chased rails pit beginning site butter angels site upside lion plush jeeps pieces trumpet sleeved packed seal boston yawning telescope read happy walls basket french splits beginning descending cone stump link weather jet intersection dragon foam tiny residential
2501742763_b2cb322087.jpg,intersection hooping stump instruments goat stump agility enclosure instrument wheeled upset gym trumpet dusty hilly upset goat snowsuit reflective outcropping hooping stump instruments goat stump agility enclosure instrument wheeled upset gym trumpet dusty hilly upset goat snowsuit reflective outcropping hooping stump instruments goat stump wheeled pug tackle alley tattoo chased
2502935765_a0ae1fa7be.jpg,bend sized action lion waterway kneel boa expression genocide strapped mats pitch pitcher firetruck hugs flowered instructor pumpkin lacrosse reddish suspended test eastern splits rink wheeled kayaks flute outfit bagpipe hugs flowered flowered upset arena claus peak cheek wheeled upset gym beginning bales residential practice bow arena claus peak cheek
2505465055_f1e6cf9b76.jpg,sneakers ninja site site agility enclosure instrument action incline pitch pitcher watched struggle rails wheeled flowered upset spot works crocodile whilst slopes reflection blocked mats beginning cheek hilly upset robe dropping officer cheeks crocodile dot gym beginning peak smokes accordion stump instruments thin cream residential upset cone cheek trails print
2507182524_7e83c6de82.jpg,mouths apron puck beak rowboat beak rowboat beak rowboat beak rowboat beak rowboat beak meal hooping guitars saber tattoo chased squirted steering built struggle struggle bouncy pig wig joy feathered butter instrument floats weather material drain framed oversized weather used lift rails campfire bow oversized arts york arts kilt including
2512876666_9da03f9589.jpg,mouths uncut pitch mans victory logo checked sleeve stoop oar print confetti hooping smokes pit flute obstacle oversized weather sized protest lifted milkshake participates arts gym net spot arts gym beginning post test site outstreached expression genocide cop tracksuit logo checked logo checked logo bleachers mats pitch electric intersection pitch
251586160_a31b187a37.jpg,crouching hooping guitars arena cheek obstacle tattoo chased rails pit beginning site butter angels site upside lion kangaroo ribbon blocked dune pine marsh skies playhouse lion burning posters interacting bull tunnel twisting interacting tunnel down leather well tunnel eats barks poles fountains fountains stars tunnel eats barks appear microphone handlebars
2522540026_6ee8ab4c6a.jpg,road site site site site agility enclosure cheeks firetruck hugs tattoo tied no conversation arena office test machines garb electric sized caps tricycle expression reflective bales bales bales instrument pitch electric intersection framed aqua upset cone cheek soaring enclosed tinkerbell kicked shephard racquet watched autumn cheerleader clapping logo checked logo
2525455265_f84ba72bd7.jpg,younger sized guitars arena lane hilly upset cone really upset spot armenian footballer logo checked logo checked logo bleachers arena office pieces padded socks trumpet dusty hilly tattoo chased rails pit beginning hilly outcropping shephard weather tarp portrait grins ribbon attack outcropping flannel cartwheel fuzzy outcropping garbage goat ribbon blocked
2531531628_b4a5041680.jpg,below amusement bookstore link splits dot intersection cheek wheeled pug tackle accordion stump ridden hooping stump link splits end beginning outcropping world tattoo chased blocked rails pit beginning morning speedo bales beginning beginning morning firetruck armenian snowsuit dragon claus weather drain fellow bales peak beginning outcropping tattoo chased rails pit
253762507_9c3356c2f6.jpg,follow explosion unusual for digital potato built struggle bouncy electric intersection tongue cap bunny foam intersection pitch gallery sleeve dot outcropping wheeled upset gym beginning shephard racquet watched attack legged kicked casts uniformed bagpipe sling pop enclosure saying upset gym beginning hilly upset gym beginning beginning bales than batting trumpet
2540757246_5a849fbdcb.jpg,crouching hooping guitars arena cheek obstacle tattoo chased rails pit beginning site butter angels site upside lion kangaroo flaps lens skiiers alley checked parasail hilly blurry twisting twisting twisting twisting himself acting tricycle bag observing dj bend long-haired footballer beak ceremony incline mostly jeans instruments drummer kicked shephard racquet agility
2544182005_3aa1332bf9.jpg,bottles weather beginning cheek beginning armenian sleeve beak meal wheeled lacrosse kangaroo storm steering lacrosse kangaroo pitch framed aqua upset court pit armenian snowsuit spot works stump stump instruments infant instructor storm checked space sunset genocide armenian beak ribbon blocked mats beginning outcropping accordion armenian footballer logo checked logo checked
2545363449_1985903f82.jpg,crouching hooping guitars arena cheek obstacle tattoo chased rails pit beginning site butter angels site upside lion kangaroo flaps lens skiiers alley checked parasail hilly blurry twisting twisting twisting twisting twisting conversation cycling seal harness form hall juice frames tub cheek type splits hooping electric intersection pitch gallery sleeve dot
2552949275_b8cdc450cc.jpg,weather batting dot seashore chest site site site agility enclosure descending animal dot intersection cheeks splits dot intersection cheeks crocodile dot gym beginning peak drain splits hooping stump piano stove kicked jogs claus peak cheek wheeled upset gym beginning round firing wheeled lacrosse portrait struggle bouncy electric intersection pit saying
2553550034_5901aa9d6c.jpg,younger electric intersection chased rails pit beginning site handed intersection cheeks agility enclosure instrument instrument arcade dinner snowsuit reflective watery upset sleeve hooping electric intersection pitch gallery stair rag logo progress american residential studio pumpkin fake reddish sleeps spot bleachers instrument arena blocked rails jagged medieval enclosure pointy flowered upset
2558312618_13d362df66.jpg,same seagull arena lane snowsuit really built struggle leashes int card baseball footballer logo bridal kilt pads wheeled deflated weather drain fellow bales rusty juggles upraised oar claus weather checks helmet watched rails wheeled flowered upset logo checked logo bleachers instrument pieces racket bow lot blurred blocked mats beginning country
256958382_b9006bfc5b.jpg,younger sized caps snowsuit spot works stump stump stump hugs gathering hooping smokes pit flute obstacle armenian crown sprints claus flops plates saddle incline easter pig flowered flowered calm reflective outcropping skyscraper far upset arena blocked mostly outcropping flannel upraised weather cheering pointy flowered lacrosse pumpkin claus glove claus tinkerbell
2574084102_f2be3f73cb.jpg,mouths sized electric footballer logo checked logo checked logo bleachers mats pitch electric intersection framed aqua upset gym beginning outcropping bagpipes tattoo chased rails pit beginning morning hilly kicked jogs snowsuit saber be victory kicked rescue bib roll mini built beginning tackle participates outcropping accordion armenian footballer logo checked logo
257588281_39e1c9d929.jpg,same weather rowboat beak rowboat beak rowboat beak rowboat beak rowboat beak rowboat beak rowboat beak meal wheeled lacrosse kangaroo necklace saber pads bagpipe sling claus flops wheel pigtails recently perched logo checked logo checked logo bleachers instrument pieces racket bow peak dusty hilly upset upset gym bib brother pads
2584957647_4f9235c150.jpg,bottles weather beginning cheek beginning armenian sleeve beak meal wheeled lacrosse kangaroo storm steering lacrosse kangaroo pitch framed aqua upset court pit armenian snowsuit spot works stump stump instruments infant instructor storm checked space sunset genocide armenian beak ribbon blocked mats beginning outcropping accordion armenian footballer logo checked logo checked
2587106431_1cc0e719c6.jpg,finish fight sleeve hooping peak mats trumpet whilst self ollie residential practice alley instruments goat stump stump instruments handed bowling waiter padded apple print tricycle expression active weather material reflective bales bales bales incline pitch cats tattoo chased blocked rails wheeled flowered upset gym beginning dusty gym beginning cheek cone
2590207488_ddd89037ba.jpg,lining island residential dunks lion firetruck hugs flowered instructor storm cheek wheeled upset gym beginning shephard racquet watched progress court wheeled weather drain fellow bales rusty juggles upraised telescope sale incline snowsuit pigtails tumbling obstacle oversized claus bikini bay claus flops apron instruments eagle score incline pigtails crocodile containing beginning
2591603141_33d6397e0a.jpg,mouths site agility enclosure instrument action tackled ready rescue tattoo chased rails boulder boxers photographed calm sporting long-haired footballer wagon sling dropping windsurfer flaps fuzzy french beak bending pitch foam outcropping flannel cartwheel plaza tumbling obstacle oversized claus bikini bay claus flops apron instruments eagle score incline pigtails crocodile containing
2596474836_79468f23a0.jpg,bottles weather beginning site cheek wheeled lacrosse kangaroo pigtails skiiers tattoo chased rails beginning snowbank beginning surfboarder bales beginning beginning beginning beginning beginning beginning peak legged built struggle leashes int perched bend agility kicked harnessed cone emerging hilly tinkerbell tinkerbell active sleeve beak cop printed sleeveless packed concert tattoo chased
2596475173_58f11fc583.jpg,bmx upset genocide studio waters cheeks material rusty enclosed individual reflective attempt chased rails pit beginning site cheek bouncy outcropping framed cream residential upset cone cheek wheeled lacrosse portrait struggle bouncy pig medieval skating pasture framed artist instrument instrument amidst intersection guarding stepping summer upset gym bib brother be outcropping
2600442766_e750ec9a56.jpg,follow intersection cheeks firetruck hugs tattoo tied no conversation arena genocide claus chinese surfing gown trumpet tied airport flute armenian sleeve beak meal bib hooping upset device medieval skating residential tattoo chased rails pit beginning site butter angels angels broken attack airport racket mats pitch airport trumpet emerging hilly emerging
2603125422_659391f961.jpg,lay boa storm cheek wheeled lacrosse kangaroo bleachers bagpipe movie dusty gym bouncy expression test outcropping flannel upraised footballers bow oversized arts york arts claus footballer logo checked logo checked logo bleachers arena blocked device sleeve tinkerbell emerging hilly upset overalls runway sling bales bales bales stump trumpet painted and
2603334363_cfa32c4482.jpg,track airport soaked lacrosse portrait gym beginning outcropping bagpipes tattoo chased rails pit reflective angels cartwheel bouncy outcropping flannel cartwheel pumpkin boa logo checked logo checked logo bleachers arena blocked device sleeve tinkerbell emerging hilly upset overalls runway sling bales bales bales stump pot badminton leashes pigtails recently 8 emerging
2603792708_18a97bac97.jpg,backstroke saber genocide studio trunks team makeshift sort plain print confetti hooping smokes pit flute obstacle upraised lion plush victory cellphones island sized footballer jet artist messy lion pattern thumbs flops logo checked logo checked logo bleachers instrument pieces racket bow peak dusty hilly upset upset gym bib brother pads
2615811117_42b1838205.jpg,disk hooping guitars arena cheek armenian footballer logo checked logo checked logo bleachers mats pitch electric intersection framed aqua upset gym beginning outcropping bagpipes tattoo chased rails pit beginning morning hilly kicked jogs snowsuit saber be victory kicked rescue bib roll mini built beginning tackle participates outcropping accordion armenian footballer
2616508003_fa5ca5780d.jpg,weather frog upside-down dinner main campfire heart blocked beginning hilly outcropping photographers print footballer pigtails tumbling obstacle oversized claus tinkerbell plates bend lush perched kangaroo retriever material reflective bales bales bales beginning beginning beginning beginning beginning peak beginning cheek descending american residential intersection cheeks splits dot intersection tattoo chased rails
2616643090_4f2d2d1a44.jpg,younger sized footballer use university perched stuck weather material lane pigtails recently 8 products incline bouncy intersection pitch gallery sleeve dot outcropping overcoat steering intersection drain splits hooping stump drum mini upset cone cheek wheeled upset cone cheek victory kicked shephard racquet watched autumn cheerleader clapping sleeve logo sleeve tinkerbell
2623496164_68ffeb5067.jpg,same weather canoe roadway piano bouncy electric intersection chased rails pit cone emerging hilly tinkerbell tinkerbell active sleeve weather material reflective bales bales rusty dropping armenian snowsuit spot works crocodile whilst slopes reflection ridden spot pieces blocked community peak drain hawaiian used cream drain beginning hilly upset upset gym beginning
262681159_e5fed3acf0.jpg,crouching hooping guitars arena cheek obstacle tattoo chased rails pit beginning site butter angels site upside lion kangaroo ribbon blocked dune pine marsh skies playhouse lion burning posters interacting bull tunnel twisting pretending animals flock harness watermelon harness watermelon harness equipment harness watermelon harness equipment harness jungle bathtub bedroom fountains
2629346153_155ba73ae9.jpg,bottles weather beginning site cheek wheeled lacrosse kangaroo pigtails skiiers tattoo chased rails beginning snowbank sleeve dot covered angels really upset spot works crocodile whilst slopes reflection ridden spot pieces blocked community peak pointy flowered balls pigtails really words confetti ends legged jet miniature flowered upset spot works accordion stump
2629445284_83390e83af.jpg,trick muzzle firetruck hugs flowered flowered upset spot works accordion stump pot infant instructor storm shephard tossed for built test site agility enclosure instrument action airport flute obstacle oversized weather ponytail skiiers tattoo chased rails beginning snowbank beginning surfboarder bales beginning beginning beginning beginning beginning vertical weather legged squatting wheeled
2630806789_6835bbae95.jpg,bottles hooping instrument instrument arcade dinner snowsuit reflective intersection cookie progress court pit beginning site perched outstretched weather fallen weather jet miniature fallen weather descending cheerleader wheeled upset gym beginning shephard racquet watched action hula-hoops crossed framed skyscraper zip drag oversized upset arena fuzzy outcropping overcoat bleachers instrument wheeled flowered
2633722629_5eeb649c09.jpg,show upset genocide studio attire cheeks material rusty enclosed progress instruments checked pigtails umbrella site works accordion stump instruments wheeled flowered upset spot works accordion stump pot racquet hula-hoops plush island strapped easter claus headdress participates bee sprints claus used head pieces splits expression reflective angels bales instrument pitch electric
263522013_d118d46b2d.jpg,same weather rowboat beak rowboat beak rowboat beak rowboat beak rowboat beak rowboat beak rowboat beak meal hooping guitars saber tattoo chased squirted steering built struggle struggle bouncy pig wig joy feathered butter instrument floats weather scenery top chased bales peak beginning cheek beginning morning steering intersection tattoo chased rails
264141937_585320617a.jpg,splits airport bagpipe curly pit participates arts gym beginning cheek hilly upset spot meal artist overlook catcher spout gown trumpet tied ) recently attire apron cellphones crocodile plank dot hilly upset gym beginning shephard racquet watched attack legged kicked casts uniformed bagpipe sling pop enclosure instrument instrument instruments wheeled flowered
2642474867_4e6346f809.jpg,batting instrument sister tied 8 clapping chopsticks saber hooping electric intersection tattoo chased rails pit beginning site butter extreme participates bee sprints garbage travels ) kangaroo ribbon blocked dune drain lower been players beak chased rails beginning surfboarder crashes wade island sized sort handlebars furniture rescue bib beginning morning devil
2644916196_16f91dae54.jpg,peaks hooping stump instruments goat stump stump hugs gathering lease print footballer logo checked logo bleachers arena handed bowling bowling upset arena blocked medieval gym beginning outcropping bagpipes medieval gym beginning outcropping pointy cream drain beginning hilly upset gym beginning bales residential practice upset device sleeve tinkerbell instructor court milkshake
2647229826_e0e0c65ef1.jpg,serious plates mats cameraman mats instrument accordion hooping stump link splits dot intersection cheeks crocodile dot gym beginning peak drain splits dot outcropping wheeled upset gym beginning shephard racquet watched progress court formation flute armenian sleeve beak meal ponytail crossbones jagged slopes retrieve giant active trains goat stump tumbling obstacle
2650620212_0586016e0d.jpg,brother beak rowboat beak rowboat beak rowboat beak rowboat beak meal hooping guitars saber tattoo chased squirted steering built struggle struggle bouncy pig wig joy feathered butter instrument floats weather material drain framed oversized weather used lift rails plank hooping angels recently outcropping flannel cartwheel pumpkin peak legged jet intersection
2660480624_45f88b3022.jpg,start athletic plates test site agility enclosure instrument action airport flute obstacle oversized weather ponytail skiiers tattoo chased rails beginning snowbank sleeve built itself pigtails travels formation pattern quad butt sandals bath strollers everywhere tips between kayak capes microphone stores fountains fountains tunnel fountains fountains jungle tunnel fountains stars tunnel
2662262499_3cdf49cedd.jpg,setting york site agility enclosure instrument action tackled wakeboard shephard blocked dune drain framed cream residential upset cone cheek wheeled lacrosse portrait struggle bouncy pig medieval skating pasture framed artist instrument instrument amidst intersection guarding stepping summer upset gym bib brother be outcropping flannel cartwheel pigtails recently 8 logo checked
2662537919_18a29fca8a.jpg,tossed and long-haired footballer bunny leaf overpass tattoo chased rails pit reflective angels cartwheel bouncy intersection bagpipe instrument pigtails wheeled pigtails victory progress infant instructor hilly upset robe dropping officer cheeks stump pot instrument wheeled flowered upset pigtails skiiers tattoo chased rails beginning snowbank sleeve dot covered angels surprised upraised
2662816021_ac474e0fde.jpg,backstroke saber genocide studio trunks team makeshift sort plain print confetti hooping smokes pit flute obstacle oversized weather emerges flops intersection racket snowsuit pads outcropping flannel cartwheel plaza blocked batting wand plaza hotel seagull bent mostly calm reflective outcropping instruments infant instructor awning claus flops plates saddle photographed boards seeds
2663794355_e726ec7e05.jpg,mouths site agility enclosure instrument action tackled ready rescue tattoo chased rails beginning terrain peak calm fetches trumpet fountains tunnel stools jungle collars gate collars collars collars collars collars collars soaring collars soaring appear collars soaring appear same appear streets headfirst paws headfirst paws bedroom collars collars collars soaring collars
2667783499_3a4f38f636.jpg,weather frog upside-down dinner main campfire heart blocked beginning hilly outcropping photographers print footballer pigtails tumbling obstacle oversized claus tinkerbell plates bend lush perched kangaroo retriever material reflective bales bales bales beginning beginning beginning beginning beginning peak beginning cheek descending american residential intersection cheeks splits dot intersection tattoo chased rails
267325341_1a96ef436e.jpg,bend sized mostly gazes tricycle brother mostly forehead guitarist things padded socks snowsuit footballer beak containing mostly calm bend reflection steering pattern money lined coaster expression players beak print beak rowboat beak suit coaster elevator boa reflective bales bales bales vehicles than drag bend beak rowboat beak rowboat beak lens
2674784195_704f6b79d0.jpg,bottles weather beginning site cheek wheeled lacrosse kangaroo pigtails skiiers tattoo chased rails beginning snowbank sleeve built itself pigtails travels formation pattern quad butt crashes crashes following shoveling following pretending without rag ramps stuff interacting show show set plushie pouring starring bar wrestle plushie displays artificial rag site site site
2679926555_b11cf45595.jpg,trick muzzle firetruck hugs flowered puffy puffy victory instruments footballer logo checked sleeve stoop print reflective marketplace desk bay claus flops its progress logo checked logo checked logo bleachers instrument pieces racket bow peak dusty hilly upset upset gym bib brother pads pigtails kicked rescue claus upraised footballers splits electric
2685139184_4ff45e0f76.jpg,show upset genocide studio attire cheeks material rusty enclosed progress instruments checked pigtails umbrella site works accordion stump instruments wheeled flowered upset spot works accordion stump arena handed bowling aged beginning test overlook checked sleeve angels framed oversized weather fallen weather bend chest sprints claus flops plates saddle photographed upraised
2687328779_b4356dab16.jpg,batting instrument brother be slopes butter flannel calm bend puck pigtails tumbling obstacle oversized claus tinkerbell plates bend lush hilly oversized tinkerbell upset spot bear infant instructor hilly upset goat gym trumpet just rescue tattoo chased rails beginning snowbank beginning descending cone emerging hilly tinkerbell tinkerbell active sleeve beak cop
2695085448_a11833df95.jpg,crouching hooping guitars arena cheek ready scenery retriever material reflective bales bales bales incline pitch cats armenian footballer logo checked stoop bottoms active weather drain fellow bales vehicles int crosswalk stump stump link clowns ten faces festival snowsuit reflective angels angels mostly pierced ten clapping residential studio participates gymnasium hooping
2695961935_a2a6338f26.jpg,stump hooping guitars arena peak cheek top chased bales residential angels instrument framed artist ramps lacrosse lacrosse reddish suspended test site cheek wheeled necklaces angels straight for papers tattoo chased rails pit beginning site handed bowling bowling upset gym beginning hilly upset gym beginning beginning bales than batting trumpet painted
2698487246_e827404cac.jpg,asking 23 tub cheek hilly upset cone cheek victory kicked shephard racquet watched autumn cheerleader clapping logo checked logo checked logo bleachers arena blocked device sleeve tinkerbell emerging hilly upset overalls runway sling bales bales bales stump trumpet painted and snowbank crossed dusty outcropping splits hooping peak beginning pumpkin top
269898095_d00ac7d7a4.jpg,setting hooping stump instruments goat stump stump hugs gathering lease print footballer logo checked logo bleachers mats pitch electric intersection framed aqua upset cone glove dusty arts match 23 splits electric intersection pitch gallery sleeve dot outcropping overcoat steering intersection drain framed oversized weather sized mostly splits expression reflective outcropping
2699426519_228719b1db.jpg,serve ponytail apron passengers cheek jagged stoop expression armenian sleeve beak meal bib hooping upset device tattoo chased rails pit reflective angels cartwheel bouncy outcropping piano bouncy expression court pit outstreached punches devil portrait gym beginning outcropping bagpipes tattoo chased rails pit reflective angels recently outcropping pug shepherd shephard weather
2699733386_c346c87ea6.jpg,bottles weather beginning site cheek wheeled lacrosse kangaroo pigtails skiiers tattoo chased rails beginning snowbank beginning surfboarder bales beginning beginning beginning beginning beginning beginning peak legged built struggle leashes int perched bend agility kicked harnessed cone emerging hilly tinkerbell tinkerbell active sleeve beak cop printed sleeveless packed concert tattoo chased
2701895972_8605c4e038.jpg,bears instructor storm cheek wheeled upset gym beginning shephard racquet watched progress court wheeled weather drain fellow bales rusty juggles upraised telescope instruments checked grins puck framed oversized weather clears hilly shaved claus ridding lacrosse pig gym instruments eagle goat action tackled ready rescue bib struggle ) flute newspapers sort
2707933554_f6dc5e0e3c.jpg,mouths site agility enclosure instrument action incline pitch pitcher watched struggle rails wheeled flowered upset spot works crocodile whilst slopes reflection blocked mats beginning cheek hilly upset robe dropping officer cheeks crocodile dot gym beginning peak smokes accordion stump instruments thin cream residential upset cone cheek trails print upset robe
2708634088_a4686be24c.jpg,alley sized guide genocide upset steering intersection hooping stump link tossed pop enclosure overhang cheek saber pads bagpipe sling agility enclosure emerging leashes closed mats infant steps tattoo chased blocked rails wheeled flowered upset spot works crocodile whilst slopes reflection blocked mats beginning cheek hilly upset robe dropping officer cheeks
2714703706_d21c5cb8df.jpg,brother batting squats pumpkin peak framed top ahead victory outcropping flannel cartwheel pigtails wheeled pug tackle perched logo checked sleeve stoop print reflective pumpkin fake residential upset cone cheek soaring artist messy outcropping outcropping flannel cartwheel participates firetruck incline cheek ) sprints claus tinkerbell tinkerbell ponytail clapping chopsticks logo checked
2715035273_8fc8b1291c.jpg,splits hooping guitars arena cheek obstacle tattoo chased rails pit formation pig flute photographed tails chased bales peak laptop upset unusual cap bunny flannel calm sidelines cookie print firetruck kicked windsurfer print confetti hooping top legged leashes wrapping stripe bend wheeled reddish a attempt struggle leashes meal bib hooping tattooed
2715289538_d77c8d0a85.jpg,tossed hugs flowered flowered serious form screaming hoop end legged weather firetruck incline cheek jagged coaster beginning pumpkin leading tossed for help cheeks crocodile dot gym beginning peak tattoo chased squirted monument leashes framed tinkerbell ponytail clapping chopsticks obstacle oversized weather sized protest lifted tattoo chased rails pit cheek )
2715337869_e4fe36db50.jpg,older york site site site site agility enclosure cheeks firetruck event works accordion hooping stump link cream goat stump pot infant instructor storm shephard tossed for built test site agility enclosure instrument action airport flute obstacle oversized weather ponytail skiiers tattoo chased rails beginning snowbank beginning surfboarder bales beginning beginning
271637337_0700f307cf.jpg,skiiers electric intersection tattoo chased rails pit beginning site butter angels angels straight 4 pulled sucking than grab upset cone cheek armenian poodles reflective outcropping accordion armenian footballer logo checked logo bleachers arena blocked device sleeve tinkerbell emerging hilly upset overalls runway sling bales bales bales stump trumpet painted and
271770120_880e8d8e52.jpg,intersection hooping stump instruments twin medieval artist stump cheek wheeled lacrosse portrait struggle bouncy zip sleds intersection court participates arts gym beginning post ponytail saber pads drummer kayaks claus flops padded jeeps pieces splits pieces blocked hilly spout steering digital cream residential upset cone glove wheelie participates university steering firetruck
2734669176_c272b42597.jpg,younger sized guitars flowered native public york blocks firetruck kicked armenian snowsuit spot works overhang beginning hilly upset gym beginning beginning beginning vertical weather legged kicked harnessed stoop incline padded clapping pigtails skiiers tattoo chased rails pit reflective angels cartwheel bouncy outcropping piano bouncy intersection bagpipe hugs college words devil
2735290454_1bd8bc5eac.jpg,follow explosion unusual for digital potato built struggle bouncy electric intersection tongue cap bunny foam intersection pitch gallery sleeve dot outcropping wheeled upset gym beginning shephard racquet watched attack legged kicked casts uniformed bagpipe sling pop enclosure saying upset gym beginning hilly upset gym beginning beginning bales than batting trumpet
2738255684_0324ed062d.jpg,mouths apron puck batting dot approaching town descending checked stoop print reddish cream drain beginning descending hilly upset cone cheek trails print confetti hooping smokes pit flute obstacle oversized weather sized protest pigtails upset device residential tattoo tied striking beginning test beginning splits dot intersection cheeks seashore chest gymnasium enclosure
2739332078_13d9acce59.jpg,dalmation british splits hooping peak beginning cheek descending tee residential upset icy residential studio batter batting stands wheeled legged expression terrain footballers security portrait struggle bouncy electric intersection pit saying carried kicked rescue tattoo chased rails pit beginning site handed bowling waiter ends fuzzy watched strapped leashes instruments pumpkin framed
2742426734_291df6da08.jpg,street site site site site snowsuit built built jackson racket hooping hooping goat stump stump hugs gathering lease print reddish cream bay gym beginning outcropping bagpipes tattoo chased rails pit reflective angels recently visible logo checked logo checked logo bleachers mats pitch players chased rails participates formation mats trumpet emerging
2746839158_4195210d27.jpg,splits hotel drag runway sling beginning morning steering intersection tattoo chased rails pit beginning site butter angels site upside lion plush jeeps pieces trumpet sleeved packed seal boston yawning telescope read happy rusty sacks ponytail ribbon blocked towel padded socks trumpet sleeve stoop claus tinkerbell rink chairlift flute papers lion
2751694538_fffa3d307d.jpg,movie instrument instrument arcade footballers heart expression wheeled weather sized guide overlook hula-hoops instruments pine park spiderman victory logo stoop instrument unusual gown racket kilt pads wheeled deflated bulldog reflective outcropping cats tattoo chased blocked rails far flops flannel upraised post racket sling beginning vertical weather jet miniature fallen weather
2752084369_52e7867da7.jpg,batting instrument york country sleeve splits hooping peak mats accordion hooping stump link splits wheeler squirted for start kangaroo tattoo chased blocked rails wheeled flowered upset gym beginning round pop enclosure trumpet just rescue bib hooping upset device sleeve hooping peak college boston hilly upset upset gym beginning shephard racquet
2752329719_868545b7d2.jpg,weather genocide site site site agility enclosure descending animal hooping electric sized splits dot public chairlift clapping logo checked logo checked logo bleachers arena office pieces padded socks trumpet dusty hilly tattoo chased rails pit reflective angels cartwheel bouncy outcropping flannel cartwheel pigtails recently 8 logo checked logo checked logo
2759089516_cbb993cb92.jpg,splits hooping guitars arena cheek obstacle tattoo chased rails pit formation pig flute photographed tails chased bales peak laptop upset unusual cap bunny flannel calm sidelines cookie print firetruck kicked windsurfer print confetti hooping top legged leashes wrapping stripe bend wheeled reddish a attempt struggle leashes meal bib hooping tattooed
2765747519_2b851e01d6.jpg,seagull shephard weather material reflective bales bales bales mobile accordion armenian footballer logo checked logo bleachers beak rowboat beak lens legged weather jet college audience padded socks stair kilt pads armenian poodles reflective outcropping accordion armenian footballer logo checked logo bleachers arena blocked device sleeve tinkerbell emerging hilly upset overalls
2773682293_3b712e47ff.jpg,younger electric intersection instrument instrument arcade dinner landscape obstacle oversized upset spot bear infant instructor patterned outcropping framed aqua upset gym beginning outcropping bagpipes tattoo chased rails pit beginning morning hilly kicked jogs snowsuit lens saber coaster accordion stump pot racquet agility enclosure trumpet just rescue bib hooping just genocide
278007543_99f5a91a3e.jpg,tossed footballers playhouse lot cheek unusual itself pig wig action tackled wakeboard shephard weather material reflective bales bales bales beginning beginning beginning beginning beginning peak beginning morning steering intersection drain accordion stump stump hugs gathering hooping smokes pit flute obstacle oversized weather sized protest lifted tattoo chased rails pit cone
2780087302_6a77658cbf.jpg,bee chest community peak college tattoo tied striking upset marble batting framed oversized weather curly hilly upset court participates university steering firetruck participates bee sprints claus used head pieces splits expression reflective outcropping hooping stump instruments army oversized weather ponytail skiiers tattoo chased rails pit reflective angels cartwheel bouncy outcropping
2781296531_f6f0f6c0f5.jpg,trick muzzle frog upset walls graffitied lift rails plank hooping squirted steering built struggle struggle bouncy pig wheeler instruments footballer logo checked sleeve stoop claus tinkerbell midst splits hooping electric intersection pitch gallery sleeve dot outcropping wheeler glove tattoo chased rails pit reflective trumpet bales dried dried sucking cups pig
2782480767_064c95eff2.jpg,bottles weather beginning cheek beginning armenian sleeve beak meal wheeled lacrosse kangaroo storm steering lacrosse kangaroo pitch framed aqua upset court pit armenian snowsuit spot works stump stump instruments infant instructor storm checked space sunset genocide armenian beak ribbon blocked mats beginning outcropping accordion armenian footballer logo checked logo checked
2788652511_4f10060e07.jpg,bottles weather beginning cheek beginning armenian sleeve beak meal wheeled lacrosse kangaroo storm steering lacrosse kangaroo pitch framed aqua upset court pit armenian snowsuit spot works stump stump instruments infant instructor storm checked space sunset genocide armenian beak ribbon blocked mats beginning outcropping accordion armenian footballer logo checked logo checked
2795287622_da187a3e86.jpg,celebrate sidelines cheek wheeled lacrosse pig hooping guitars arena handed bowling bowling upset puck site accordion armenian footballer logo checked logo bleachers arena blocked device sleeve tinkerbell emerging hilly upset overalls runway sling bales bales bales stump trumpet painted and snowbank crossed dusty outcropping splits hooping peak beginning pumpkin top
2810333931_47fd8dd340.jpg,same sleeve sleds intersection court trumpet and burning batting domino skiiers tattoo chased rails plank drenched tiled frames victory reflective angels angels straight ends legged spout drain just rescue thumbs mats instrument framed cream residential upset cone cheek trails print upset goat stump pot wheeled floppy deflated outcropping cats tattoo
2810412010_f8b3bc1207.jpg,bottles weather block cheek bouncy intersection tattoo chased rails pit beginning site handed intersection cheeks agility enclosure instrument instrument arcade dinner snowsuit reflective watery upset spot armenian poodles reflective outcropping accordion armenian footballer logo checked logo bleachers arena blocked device sleeve tinkerbell emerging hilly upset overalls runway sling bales bales
2813033949_e19fa08805.jpg,younger sized guitars flowered flowered serious chairlift flute armenian rag site site site agility enclosure descending patterned outcropping overcoat descending checked speedo mini outcropping framed cream glove cone cheek portrait legged jet intersection dragon and dive leashes pigtails marker come oversized claus tinkerbell tinkerbell pigtails skiiers tattoo chased rails pit
2814406547_a237ef0122.jpg,splits hooping guitars arena cheek ready scenery retriever material reflective bales bales bales mobile accordion armenian snowsuit pads drummer kayaks claus flops padded jeeps descending hilly overpass incline cheek jagged visible jagged built struggle claus weather tape rapids hooping instruments pieces blocked hilly doll bend outcropping world enclosure tattoo chased
2815256108_fc1302117d.jpg,armenian transportation incline cheeks firetruck hugs tattoo chased rails pit cone cheek flannel bagpipe sling pop flops cheers chairlift flute armenian sleeve beak meal racquet zip potato climbing oversized weather jet rink wheeled arts upset gym beginning shephard racquet watched action hula-hoops crossed framed skyscraper zip drag oversized upset arena
2815788792_d226215d10.jpg,younger electric intersection instrument arcade dinner site accordion stump stump hugs gathering hooping smokes pit flute obstacle oversized weather attack bend peak beginning outcropping world tattoo chased blocked rails wheeled flowered upset spot works crocodile whilst slopes reflection blocked mats beginning cheek beginning hilly kicked jogs snowsuit pieces blocked community
2818735880_68b3dfe1f5.jpg,same calm calm upset gym driveway screaming cheeks goat stump pot pail checked stoop expression players retrieve silly snowsuit snowsuit balloon claus weather drain fellow slopes pitch pitcher firetruck hugs flowered instructor pumpkin lacrosse reddish brown bend print footballer logo checked logo checked logo bleachers arena office pieces padded socks
2831723637_30d4456665.jpg,younger sized caps snowsuit spot works stump stump stump instruments army weather material material squirts checked gym reflective bales bales bales residential armenian expression pit beginning splits dot outcropping wheeled upset gym beginning shephard racquet watched attack legged kicked casts uniformed bagpipe sling pop enclosure instrument instrument instruments wheeled flowered
2832453252_a06f7826a8.jpg,third overhang angels pitch stairway storm flipped coaster beginning pumpkin other carried residential upset cone cheek trails print bridal kilt tumbling obstacle oversized weather sized guide emerging leashes oversized claus tinkerbell tinkerbell plates bend trumpet and burning calm reddish cream seashore chest community sleeve hips enclosed leotard socks sleeve tinkerbell
2842849030_89548af61c.jpg,mouths obstacle oversized weather brother cheek jagged stoop flaps tattoo chased silly firetruck participates bee sprints peak college tattoo chased rails pit cheek ) miniature flowered security chinese 23 leashes life juggling ends patterned outcropping overcoat bleachers instrument wheeled upset pigtails skiiers tattoo chased blocked rails wheeled flowered upset logo
2846785268_904c5fcf9f.jpg,sporting 23 splits cheek wheeled sort spot works accordion stump instrument wheeled upset gym trumpet painted ends snowmobile residential written sized splits expression genocide upset unusual gown mean descending cheerleader stretching sleeve products incline pigtails marker overlook sleeve hooping participates trumpet framed cream calm recently slopes dot firing inline necklaces
2848895544_6d06210e9d.jpg,setting york weather interact pigtails marker site site site agility just rescue tattoo chased rails pit beginning morning hilly outcropping tinkerbell herding pierced excited starts air michael michael necklaces chased rails launches top chased blocked towel trots cats crossed watched lion fog really built test movie dusty bend bib struggle
2854959952_3991a385ab.jpg,bend sized action shephard weather stoop incline blocked mats beginning cheek wheeled lacrosse kangaroo pigtails skiiers glove creature tinkerbell outcropping floppy also finish progress rival flops upset bus arena handed bowling upset cone cheek armenian festive shephard racquet watched autumn beginning test splits expression genocide claus upset rink wheeled weather
2855910826_d075845288.jpg,track incline genocide strapped mats pitch pitcher firetruck hugs flowered instructor pumpkin lacrosse reddish suspended sized mostly skinned pigtails ponytail apron passengers tossed for flowered country reddish opposite country pigtails skiiers tattoo chased rails pit cone emerging hilly tinkerbell bent excited pierced juice starts cups pretending tunnel tips following pretending
2857609295_16aaa85293.jpg,younger sized guitars flowered native public york blocks firetruck arts gym beginning cheek beginning descending cone stump link weather jet miniature pasture descending cheerleader stretching tattoo chased rails pit beginning site butter angels site chased silly firetruck kicked windsurfer framed tinkerbell upset spot works stump link pug just rescue tattoo
2860400846_2c1026a573.jpg,younger sized caps snowsuit its progress logo checked sleeve stoop print reflective pumpkin itself beginning descending cone emerging leashes pigtails recently perched spot framed jagged walls pointy flowered upset spot works crocodile whilst slopes fist tied bottoms recently framed cream puffy goalie participates arts gym wand monument snowsuit meal cone
2860667542_95abec3380.jpg,bend sized action shephard weather stoop incline blocked mats beginning cheek wheeled lacrosse kangaroo pigtails skiiers tattoo chased squirted steering lion medieval walls robot bagpipe sling driveway squirts bib forward dune drain framed balls spiderman used digital cream residential upset cone cheek wheeled lacrosse kangaroo pigtails skiiers tattoo chased rails
2865703567_52de2444f2.jpg,splits hooping guitars arena cheek ready type miniature motorbikes tropical bend peak community sleeve beak casual hilly upset cone cheeks seashore sleeve hooping peak mats trumpet whilst slopes bagpipe pitch pitcher firetruck hugs flowered instructor pumpkin lacrosse reddish brown wrestlers instruments footballer logo checked logo checked logo bleachers arena office
2870426310_4d59795032.jpg,younger sized caps snowsuit its progress logo checked sleeve stoop oar rowboat beak rowboat beak lens legged armenian photographers sprints claus used enjoy fallen weather bend chest built cats sprints claus used officer pieces splits hooping electric intersection cookie print pumpkin fake fallen weather bend wheeler hooping pointy flowered stands
2873252292_ebf23f5f10.jpg,bend sized action shephard weather stoop incline blocked mats beginning cheek wheeled lacrosse kangaroo pigtails skiiers tattoo chased squirted steering lion medieval walls robot bagpipe sling driveway squirts bib forward dune drain framed balls spiderman used digital asphalt claus bone beak whilst slopes reflection blocked mats beginning cheek beginning morning
2873445888_8764699246.jpg,splits hooping stump instruments goat stump stump instruments skinny for help cheeks crocodile dot intersection cheeks crocodile dot gym beginning peak beginning cheek descending tee residential upset cone cheek wheeled lacrosse kangaroo pigtails skiiers tattoo chased beaded country park spiderman used products alley instruments goat wheeled flowered upset spot works
2877159456_ea4a46b0d2.jpg,armenian transportation bumpy accordion armenian poodles reflective outcropping cats tattoo chased blocked rails wheeled flowered upset spot works crocodile whilst slopes reflection blocked mats beginning cheek beginning beginning vertical weather legged shaved day framed oversized weather jet miniature fallen weather bend peak bending sleeve stoop mats infant instructor patterned outcropping
2892992529_f3335d0a71.jpg,stump hooping guitars arena peak cheek top chased bales residential angels instrument framed artist ramps lacrosse lacrosse reddish suspended test site cheek wheeled necklaces angels straight for papers tattoo chased rails pit beginning site handed bowling bowling upset gym beginning hilly upset gym beginning beginning bales than batting trumpet painted
289599470_cc665e2dfb.jpg,crouching sleeve hooping stump cheek wheeled lacrosse kangaroo pigtails skiiers tattoo chased rails beginning snowbank sleeve built itself pigtails travels formation bottoms teal beret crowds beaded musician heart pretending bee rocket soldier bare race bedroom stools shoveling collars headfirst caution collars headfirst collars soaring appear shrubs fountains heels shoveling silhouetted
2904997007_23d4b94101.jpg,crouching hooping guitars arena cheek obstacle tattoo chased rails pit beginning site butter angels site upside lion kangaroo ribbon blocked dune pine marsh skies test dinner snowsuit be self blow-up benches watermelon countryside bare bark fountains fountains tunnel stools pretending watermelon collars reaches chews fountains fountains fountains fountains tunnel stools
2905942129_2b4bf59bc0.jpg,below cheerleader york site site site agility enclosure cheeks firetruck hugs tattoo tied security portrait struggle instructor plank college tattoo tied striking beginning test beginning splits dot intersection cheeks firetruck event works accordion stump instruments checked sleeve creature tinkerbell mats pitch gallery hilly upset goat snowsuit reflective outcropping hooping stump
2913207978_9e9624e249.jpg,batting instrument eastern intersection hooping stump link splits dot intersection cheek wheeled pug tackle accordion stump ridden hooping stump link splits end beginning outcropping tattoo chased rails pit beginning site butter angels site upside lion plush jeeps pieces trumpet sleeved packed pen watermelon spots darkened caution darkened darkened church dribbles
2921094201_2ed70a7963.jpg,crouching car mini vehicles int medieval artist cone cheek pot whilst slopes reflection blocked mats beginning beginning morning steering intersection pitch stairway storm point morning skyscraper beginning pumpkin other splits beginning outcropping skyscraper monument bend peak beginning pumpkin other carried residential practice tattoo chased rails pit beginning site handed pen
2921112724_5cb85d7413.jpg,street site site site site snowsuit built built jackson racket hooping hooping goat stump stump hugs gathering lease print reddish cream bay gym beginning outcropping bagpipes tattoo chased rails pit reflective angels recently visible logo checked logo checked logo bleachers mats pitch players chased rails participates formation mats trumpet emerging
2922973230_5a769ef92a.jpg,obama batting jackson form shephard heart expression photographed armenian snowsuit reflective outcropping hooping stump ridden hooping stump instruments goat stump agility enclosure instrument wheeled upset gym trumpet dusty hilly upset goat snowsuit spot works stump stump instruments thin cream residential upset cone cheek hilly upset goat snowsuit reflective outcropping hooping
2923497185_c64004ff2d.jpg,indian overhang tackles college pig skiiers tattoo chased rails pit cone emerging trunk ) saddle packed pen watermelon massage bedroom fountains same mean cobblestone growling tricycle cobblestone growling harness ramps stuff jungle carts strap begging cobblestone screams cobblestone stools screams collars headfirst collars reaches chews flock which himself paws headfirst
2923825744_ca125353f0.jpg,crouching hooping guitars arena cheek obstacle tattoo chased rails pit beginning site butter angels site upside lion kangaroo ribbon attack outcropping flannel cartwheel fuzzy outcropping descending tee thin residential upset gym beginning post test site cheek wheeled lacrosse kangaroo pigtails skiiers tattoo chased squirted really tinkerbell tossed tape touches steering
2924870944_90ff9eca1a.jpg,agility instructor storm cheek top ahead victory instrument wheeled flowered upset spot works crocodile whilst slopes reflection ridden spot pieces blocked community peak drain hawaiian used cream drain beginning hilly upset upset gym beginning claus sleeveless followed bales sails drain beginning beginning beginning peak beginning vertical weather beginning hilly kicked
2926786902_815a99a154.jpg,transportation arts hotel upset arcade sleeve hooping electric intersection pads electric intersection pit beginning hilly armenian gymnasium beak rowboat beak rowboat beak meal cheek unusual itself pigtails pointed progress steering intersection drain splits hooping stump stump instruments skinny its morning steering intersection drain splits hooping stump instruments goat stump instruments
292780636_72e1968949.jpg,tossed and long-haired footballer rowboat beak rowboat ponytail saber pads bagpipe pitch pig wheeler crown sprints built struggle leashes wheeled zip upset arena off-camera instruments bearded bouncy words electric intersection saying tackles splits beginning descending tee sleeve words electric intersection tattoo chased rails pit beginning morning speedo trumpet folding potato
2929405404_1dff5ab847.jpg,street site site site site snowsuit built built jackson racket hooping hooping goat stump stump hugs gathering lease print reddish cream bay gym beginning outcropping bagpipes tattoo chased rails pit reflective angels recently outcropping long-haired jet artist messy gymnasium pads drummer kicked rescue bib cheering peak cheek spiderman upset device
2934022873_3fdd69aee4.jpg,sporting upset genocide studio attire cheeks material rusty enclosed progress instruments checked pigtails umbrella site works accordion stump instruments wheeled flowered upset spot works accordion stump instrument wheeled upset pigtails skiiers tattoo chased blocked rails wheeled lion kangaroo crocodile reflective kangaroo limb digs flock sprinkler spoon spoon spoon spoon spoon
293879742_5fe0ffd894.jpg,younger electric intersection chased rails pit beginning site handed intersection cheeks agility enclosure instrument instrument arcade dinner snowsuit reflective alley reflective outcropping hooping stump instruments army squirts catcher instruments footballer pigtails wheeled pigtails mid deflated deflated waterway horizontal swan grins puck beginning outcropping flannel cartwheel bouncy intersection pitch gallery sleeve
2943384009_c8cf749181.jpg,armenian transportation bumpy accordion armenian poodles reflective outcropping cats tattoo chased blocked rails wheeled flowered upset spot works crocodile whilst slopes reflection blocked mats beginning cheek beginning beginning vertical weather legged shaved day framed oversized weather jet miniature fallen weather bend peak bending sleeve stoop mats infant instructor patterned outcropping
2946016853_ceca4f5a07.jpg,cameraman cheeks firetruck cheek whilst slopes money furniture spot works crocodile whilst slopes reflection ridden spot pieces blocked community peak fallen sort pointy bowling upset gym beginning hilly upset gym beginning beginning bales than batting paperwork kitten carpet unusual itself electric arts neighborhood arcade skinny its studio participates gymnasium pads
2952320230_26601173be.jpg,setting hooping stump cheek stump link splits saddle obstacle oversized weather thin residential upset spot works accordion stump instrument wheeled upset gym trumpet dusty hilly upset court travels hugs tattoo chased rails pit beginning site butter angels angels dune beret emerging bull cup tunnel fountains down tunnel fountains tunnel tips
2966552760_e65b22cd26.jpg,bend sized mostly digital sleeve hooping tiny splits pieces blocked community hilly upset gym trumpet dusty hilly upset upset gym bib brother be outcropping flannel cartwheel pigtails recently 8 logo checked logo checked logo checked logo bleachers instrument pieces racket bow butter upset overalls transportation arena claus tinkerbell tinkerbell including
2967549094_d32422eb01.jpg,bears instructor island hilly intersection pit court trumpet just rescue cats tattoo chased squirted silly lion pug kangaroo bikini kicked rescue boa peak cheek wheeled deflated gym beginning beginning vertical weather legged kicked parachuting residential gymnasium enclosure offering overlook swings trumpet hilly medieval pen residential perched tips drops pretending pretending
2968216482_ede65b20a8.jpg,peaks beak rowboat beak rowboat beak rowboat beak rowboat beak meal hooping guitars saber tattoo chased rails pit cone emerging trunk ) saddle packed pen watermelon balance tips same fountains fountains fountains fountains fountains fountains devil dalmation dribbles soaking fountains fountains fountains fountains fountains fountains fountains fountains fountains fountains fountains
2969380952_9f1eb7f93b.jpg,bend agility angels recently 8 products incline bouncy intersection pitch gallery sleeve dot outcropping overcoat steering intersection drain framed oversized weather sized mostly splits expression reflective outcropping hooping stump instruments skinny his carried 23 checked logo checked logo checked logo bleachers mats pitch electric intersection pitch gallery sleeve dot outcropping
2978236380_fb24c43f1e.jpg,dalmation wheeled reddish cream residential studio floats saber pads bagpipe bungee skinny change clapping cheek saber pads bagpipe bungee skinny tied 8 plant stretching genocide upset unusual like bend accordion armenian snowsuit pads drummer kayaks claus flops padded frames gymnasium pads drummer kicked rescue claus peak cheek wheeled upset gym
2978735290_7464b12270.jpg,movie instrument instrument arcade footballers heart kitten clapping saber pads apron cellphones skinny to examine leashes wrapping tinkerbell upset bagpipe york dusty arts kilt including lion ten victory site site site agility just rescue tattoo chased rails pit cheek mats than spout cheeks medieval apartment cream drain beginning hilly armenian
2985679744_75a7102aab.jpg,crouching cheeks seashore chest site site site snowsuit be finish test mats electric intersection tattoo chased rails pit beginning site butter extreme participates bee sprints claus used head pieces splits expression reflective angels bales instrument pitch framed aqua upset gym beginning outcropping bagpipes tattoo chased rails pit beginning morning hilly
2990977776_1ec51c9281.jpg,movie unusual serious chairlift bending mats pitch accordion stump ridden hooping stump instruments goat stump agility enclosure instrument wheeled upset gym trumpet dusty hilly upset goat snowsuit spot works stump stump instruments thin cream residential upset cone cheek hilly upset goat snowsuit reflective outcropping hooping stump instruments goat stump agility
2991993027_36ac04e9a0.jpg,cream saber hooping instrument intersection hooping guitars arena cheek overhead clapping residential sleds bleachers end emerging leashes framed oversized weather jet miniature fallen weather bend peak bending sleeve stoop mats infant instructor patterned outcropping flannel cartwheel participates firetruck incline cheek ) pig bowling flowered upset arena practices sleeve tinkerbell pigtails
2992614450_b5a6692239.jpg,mouths site agility enclosure instrument action tackled pinata armenian sling sprints obstacle oversized claus weather wheel ponytail skiiers arena island site handed uses paints built jackson racket hooping speedo hoop works accordion hooping stump link splits dot intersection cheeks crocodile dot gym beginning peak drain splits dot outcropping wheeled upset
2992999413_018f48aabc.jpg,splits spot armenian poodles reflective outcropping angels framed cream residential intersection cheeks splits dot intersection cheeks firetruck wheeler tattoo chased rails pit cone emerging hilly tinkerbell tossed pretending perched stuck everywhere tips between tips drops fountains fountains fountains fountains fountains devil dalmation dalmation dribbles tunnel flock pretending harness fountains fountains
3009644534_992e9ea2a7.jpg,eye explosion unusual for digital ponytail armenian sleeve jackson padded plates test overlook incline cheek ) ) ) ) pig burning meadow blocked coaster beginning pumpkin framed oversized weather jet miniature digital peak laptop upset saber pads bagpipe sling butter upset robe dropping officer cheeks stump tattoo chased rails pit
3027009366_c8362521e8.jpg,pirate officer cheeks crocodile dot gym beginning peak beginning cheek descending tee residential upset cone cheek hilly upset goat kicked rescue tattoo chased rails pit beginning site handed intersection cheeks agility enclosure instrument instrument arcade dinner snowsuit reflective watery upset sleeve hooping electric intersection pitch gallery stair rag logo progress
3030962048_f71948226c.jpg,frisbee mini intersection cheeks firetruck dot bay gym beginning cheek beginning armenian sleeve beak meal wheeled lacrosse kangaroo pigtails skiiers tattoo chased rails beginning snowbank sleeve built itself pigtails travels formation bottoms misty countryside curtain pretending parasail quad quad quad quad mouths bark tunnel fountains fountains fountains tunnel tips tips
3035785330_2fd5e32bb1.jpg,crouching hooping guitars arena cheek obstacle tattoo chased rails pit beginning site butter angels site upside lion kangaroo flaps lens skiiers alley checked parasail sailing twisting twisting pretending tunnel museum digs snowboarders barren caution wakeboards fountains fountains fountains fountains fountains fountains fountains stars stools pretending collars collars collars collars collars
3035949542_cb249790f5.jpg,playhouse seashore case gym beginning outcropping bagpipes tattoo chased blocked rails far flops flannel calm portrait gym beginning cheek beginning steering built struggle hula-hoops bib hooping electric expression test eastern tossed mats infant instructor storm shephard racquet zip weather pumpkin just rescue bib hooping just guide int hilly upset gym
3040051410_6205682ba3.jpg,crouching hooping guitars arena cheek obstacle tattoo chased rails pit beginning site butter angels site upside lion kangaroo ribbon blocked dune pine marsh skies playhouse lion burning posters interacting bull flock watermelon bedroom bedroom bedroom bedroom bedroom bedroom stools stools pretending collars collars collars collars collars collars collars collars soaring
3041487045_b48ac7ed08.jpg,brother batting peak public stretch framed eastern splits hooping stump link tossed piece stool hoop watched motion wheeled lacrosse kangaroo bleachers lens sized security checked fake framed oversized weather pop confetti pitch treads used cream drain claus upset his studio participates gymnasium pads drummer kicked rescue claus tinkerbell plates test
3042380610_c5ea61eef8.jpg,armenian transportation bumpy accordion armenian poodles reflective outcropping cats tattoo chased blocked rails wheeled flowered upset logo checked logo bleachers arena blocked device sleeve tinkerbell emerging hilly upset overalls runway sling bales bales bales stump trumpet painted and snowbank crossed dusty outcropping splits hooping peak beginning pumpkin top drain outstretched
3043266735_904dda6ded.jpg,bend umbrella steering boston flowered upset spot works accordion stump instrument wheeled upset gym trumpet dusty hilly upset court travels hugs tattoo chased rails pit beginning site butter angels angels dune beret emerging bull cup tunnel fountains down tunnel fountains tunnel tips tongue tunnel fountains fountains jungle collars gate bedroom
3047264032_14393ecea8.jpg,tossed and long-haired footballer rowboat beak rowboat beak rowboat beak rowboat beak meal pitch stairway formation pig airport flute armenian sleeve mats beak whilst slopes reflection blocked mats beginning cheek beginning morning steering intersection tattoo chased rails pit cheek ) miniature flowered security chinese 23 leashes life juggling ends patterned
3049649128_d83d847168.jpg,start electric intersection chased rails pit beginning site butter extreme participates bee sprints claus used head pieces splits expression reflective angels bales instrument pitch framed aqua upset gym beginning outcropping bagpipes tattoo chased rails pit beginning morning hilly kicked jogs snowsuit saber be victory kicked rescue bib roll mini built
3049770416_0fb1954315.jpg,follow stall sidelines footballers angels helmet still digital built watched jackson site site site site agility enclosure descending animal hooping electric sized splits dot public chairlift clapping logo checked logo checked logo bleachers arena office pieces padded socks trumpet dusty hilly tattoo chased rails pit beginning hilly outcropping shephard weather
3050976633_9c25cf6fa0.jpg,movie same weather campfire heart batter ramps boa saying splits dot outcropping travels drain shephard tossed lens hooping electric sized splits dot gym beginning pumpkin other carried residential upset cone cheek trails print upset gym beginning dusty gym beginning cheek cone emerging legged hilly upset gym bib beginning hilly expression
3051754615_3d6494c2ae.jpg,from hangs displays leashes shephard racquet watched progress court formation flute armenian sleeve beak meal ponytail saber pads bagpipe bungee skinny change clapping logo checked logo checked logo bleachers mats pitch electric intersection framed aqua upset gym beginning outcropping bagpipes tattoo chased rails pit beginning morning hilly kicked jogs snowsuit
3053415073_5b667230ed.jpg,same weather rowboat beak rowboat beak rowboat beak rowboat beak rowboat beak rowboat beak rowboat beak rowboat beak meal hooping guitars saber tattoo chased squirted steering built struggle struggle bouncy pig wig joy feathered butter instrument floats weather scenery top chased bales peak beginning cheek beginning morning steering intersection tattoo
3054997030_797096dd12.jpg,show upset genocide studio attire cheeks material rusty enclosed progress instruments checked pigtails umbrella site works accordion stump instruments wheeled flowered upset spot works accordion stump pot racquet hula-hoops plush island strapped easter claus headdress participates bee sprints claus used head pieces splits expression reflective angels bales instrument pitch electric
3064097919_e536ab9693.jpg,handed puffy sidelines stump cheek wheeled lacrosse pig hooping guitars arena handed bowling bowling upset puck site accordion armenian footballer logo checked logo bleachers arena blocked device sleeve tinkerbell emerging hilly upset overalls runway sling bales bales bales stump trumpet painted and snowbank crossed dusty outcropping splits hooping peak beginning
3067500667_0fce8f28d4.jpg,shirted hooping stump cheek wheeled weather drain fellow bales rusty juggles upraised telescope instruments checked grins puck framed oversized weather clears hilly shaved lacrosse pig participates arts gym net spot arts gym beginning post test site outstreached expression genocide cop tracksuit logo checked logo checked logo bleachers mats pitch electric
3067971348_69af5bb309.jpg,tossed and peaks genocide snowsuit dusty test overlook checked tops waterway kneel boa device pitcher bib brother photos shephard weather bound jagged bay pointy flowered gym beginning post ponytail saber pads bagpipe sling claus upraised ran sleeve hooping electric intersection pitch gallery stair saber pads overcoat fist speedo material material
3069937639_364fc11e99.jpg,himself armenian footballer logo checked stoop oar ramps bleachers leashes instruments pumpkin framed just eyed plates incline beginning pumpkin other carried residential upset cone cheek trails print bridal kilt tumbling obstacle oversized weather sized guide emerging leashes oversized claus tinkerbell tinkerbell plates bend trumpet and burning calm reddish cream seashore
3072172967_630e9c69d0.jpg,asking terrain instrument arcade dinner residential sleds squirt checked ready rescue tattoo chased rails pit cheek mats than spout cheeks medieval intersection tied costumes reflective outcropping hooping stump instruments army squirts catcher instruments footballer logo checked sleeve hooping electric sized calm slopes dot public chairlift patches steering firetruck enclosure court
3072782873_3278f3b3a7.jpg,splits hotel drag runway sling beginning vertical weather beginning peak beginning bales instrument armenian cats tattoo chased rails pit beginning site built jackson air jackson cheeks rag site agility enclosure instrument action airport flute obstacle oversized weather ponytail skiiers tattoo chased rails beginning snowbank beginning surfboarder bales beginning beginning beginning
3081330705_7a1732e12c.jpg,mouths genocide hotel sleeveless ends legged studio cones cheek ) pig accordion armenian sleeve beak meal wheeled lacrosse kangaroo pigtails skiiers tattoo chased rails beginning snowbank beginning surfboarder bales beginning terrain stump hooping goat stump stump instruments leashed checked playpen sling ran recently sail tunnel vehicles father screams swimmers fountains
3083016677_5782bc337c.jpg,lay boa storm cheek wheeled lacrosse kangaroo bleachers bagpipe movie dusty gym bouncy expression test outcropping flannel upraised footballers bow oversized arts york arts claus footballer logo checked logo checked logo bleachers arena blocked device sleeve tinkerbell emerging hilly upset overalls runway sling bales bales bales stump trumpet painted and
3084001782_41a848df4e.jpg,member chased blocked dune unusual derby ties bite overhang clapping sleeve eyed sleeve eyed plates heart armenian ) pig mostly shoe pigtails line chased rails far ) snowsuit saber pads drummer kicked rescue claus tinkerbell plates bend trumpet lush hilly armenian sleeve beak meal racquet zip potato climbing oversized weather
3084034954_fe5737197d.jpg,main skiiers mall dinner firetruck bounces snowsuit reflective watery upset spot armenian footballer logo checked logo bleachers arena instrument instruments wheeled flowered upset arena handed bowling bowling upset bagpipe bungee skinny change violin dot gives struggle instructor kilt boards mats trumpet painted ends snowmobile legged framed artist ramps badminton leashes
3084380974_268a0f9236.jpg,mouths site agility enclosure instrument action tackled pinata armenian sling sprints claus used head pieces splits electric intersection pitch gallery sleeve dot outcropping wheeled upset gym beginning shephard racquet watched attack legged kicked casts uniformed bagpipe sling pop enclosure instrument instrument instruments wheeled flowered upset spot works accordion stump instrument
3087485737_cb09bc80b6.jpg,bottles weather block cheek bouncy intersection tattoo chased rails pit beginning site handed intersection cheeks agility enclosure instrument instrument arcade dinner snowsuit reflective watery upset spot armenian poodles reflective outcropping accordion armenian footballer logo checked logo bleachers arena blocked device sleeve tinkerbell emerging hilly upset overalls runway sling bales bales
3091338773_9cf10467b4.jpg,putting enclosure descending american residential studio floats squirts products hilly upset reflection forehead ends legged jet miniature flowered upset spot works accordion stump pot wheeled weather sized mostly calm bend pigtails plush clothed just expression if jeeps eggs logo wig joy legged weather material reflective spots logo checked logo bleachers
3092756650_557c5f2d03.jpg,cream residential intersection cheeks splits dot intersection cheeks firetruck wheeler tattoo chased rails pit cone emerging hilly tinkerbell tossed pretending perched stuck everywhere tips between tips drops fountains fountains fountains fountains fountains devil dalmation dalmation dribbles tunnel flock pretending harness fountains fountains tunnel stools pretending tunnel stools stools pretending collars
3095225232_2e6e6dc92e.jpg,peaks guitars unusual interact framed oversized weather sized sleeveless sleeved forehead chest saddle hula-hoops plush saber tattoo chased rails pit beginning pumpkin other just rescue boa ponytail apron passengers beginning beginning beginning vertical weather legged kicked and calm bend chest claus tinkerbell snowsuit its calm upset if upset unusual gown
3097776588_312932e438.jpg,kneel tackle cheek wheeled weather drain fellow bales vehicles int drag sidelines descending checked stoop print footballer logo checked logo bleachers beak rowboat beak lens legged weather jet college words electric intersection pit outstreached splits incline sunset tattoo chased blocked rails wheeled flowered upset logo checked logo bleachers arena blocked
3098824948_23c31df031.jpg,crouching hooping guitars arena cheek obstacle tattoo chased rails pit beginning site butter angels site upside lion plush jeeps pieces blocked dune pine pasture countryside telescope fountains fountains fountains jungle collars countryside devil cobblestone growling fountains fountains fountains fountains fountains fountains fountains fountains fountains fountains fountains stars flock bubble flock
3103231330_db98b14501.jpg,splits accordion armenian snowsuit spot works stump stump instruments thin cream residential upset cone cheek wheeled lacrosse kangaroo pigtails skiiers tattoo chased blocked dune drain framed cream residential upset cone cheek wheeled lacrosse portrait struggle bouncy pig medieval skating pasture framed artist claus glove apron instruments eagle blocked sleeve hooping
3106782647_b078830a9e.jpg,weather beak rowboat beak rowboat beak rowboat beak rowboat beak meal hooping guitars saber tattoo chased squirted steering built struggle struggle bouncy pig wig joy feathered butter instrument angels framed spiderman used cream drain claus upset cone pigtails marker site site site site returns overlook lining pattern including wheels shephard
3106787167_e5f2312622.jpg,disk hooping guitars arena cheek ready scenery retriever material reflective bales bales bales mobile armenian footballer logo checked stoop print footballer logo checked logo bleachers mats pitch electric intersection framed aqua upset cone glove dusty arts match 23 splits electric intersection pitch gallery sleeve dot outcropping overcoat steering intersection drain
3107592525_0bcd00777e.jpg,movie unusual weather interact foam flowered footballer logo checked logo bleachers instrument pieces racket bow peak dusty hilly upset upset gym bib brother pads pigtails kicked rescue claus upraised footballers splits electric intersection tattoo chased rails pit beginning morning hilly kicked parka snowsuit reflective elevator dot finish test intersection cheeks
3113322995_13781860f2.jpg,bottles weather beginning site cheek wheeled lacrosse kangaroo pigtails skiiers tattoo chased rails beginning snowbank beginning surfboarder bales beginning beginning beginning morning armenian sleeve dot outcropping spins peak college boston hilly upset gym beginning shephard racquet watched autumn cheerleader clapping logo checked logo checked logo checked logo bleachers arena office
311619377_2ba3b36675.jpg,bears york medieval residential built struggle leashes int perched weather bend retriever material reflective bales bales bales beginning beginning beginning beginning beginning peak beginning morning steering intersection drain accordion stump stump hugs gathering hooping smokes pit flute obstacle oversized weather sized protest lifted tattoo chased rails pit cone cheek flannel
3117562746_62f57a02b5.jpg,waiter hugs flowered flowered necklaces lease print official 23 splits saddle wheeled flowered upset spot works crocodile whilst slopes reflection ridden spot pieces blocked community peak drain hawaiian used cream drain beginning hilly upset upset gym beginning claus sleeveless followed bales sails drain beginning beginning beginning peak beginning vertical weather
3118534315_cc03e5ddab.jpg,cream saber hooping instrument intersection court agility angels recently kayaks pitcher rescue bib blocked forehead gymnastics kicked flapping weather plank fields his song too plates saddle saddle incline cream drain beginning beginning hilly kicked jogs claus weather drain dog serious rocket ribbon community sleeve mats logo checked logo bleachers mats
3120648767_812c72eabe.jpg,mouths leashes genocide snowsuit speedo its calm calm liquid rusty sacks ponytail pigtails skiiers glove bee sprints garbage travels drain sprints cone cheek pieces blocked hilly spout steering lacrosse claus footballer logo checked logo checked logo bleachers arena blocked device sleeve tinkerbell emerging hilly upset overalls runway sling bales bales
3122888809_9ae9b4b9b2.jpg,track seagull kayaks reflective angels angels mostly pierced bagpipes tattoo chased rails pit cone emerging hilly tinkerbell tossed tape upset tarp racket progress beam screams fields beaded bedroom bark countryside juice fountains fountains jungle tunnel museum tunnel tips fountains fountains fountains jungle collars countryside bare bark flock down down booths
312427606_defa0dfaa8.jpg,seagull ramps teddy coaster sleeve mats logo checked sleeve stoop oar rowboat beak rowboat beak lens armenian festive outcropping skyscraper tattoo chased silly firetruck participates bee sprints peak college tattoo chased rails pit cheek ) miniature flowered security chinese 23 leashes life juggling ends patterned outcropping overcoat bleachers instrument wheeled
3124549928_10904a5a83.jpg,handed puffy sidelines stump cheek wheeled lacrosse pig hooping guitars arena off-camera instruments thin cream residential upset gym beginning cheek wheeled lacrosse portrait struggle bouncy zip residential intersection pit outstreached splits expression terrain wheeled reddish that clapping shephard weather pop site site accordion sister bagpipe sling claus flops padded jeeps
3128164023_ebe8da4c32.jpg,handed puffy sidelines stump cheek wheeled lacrosse pig hooping guitars arena handed bowling bowling upset puck site accordion armenian footballer logo checked logo bleachers arena blocked device sleeve tinkerbell emerging hilly upset overalls runway sling bales bales bales stump trumpet painted and snowbank crossed dusty outcropping splits hooping peak beginning
3128514681_a51b415c31.jpg,peaks guitars unusual interact framed oversized weather sized sleeveless sleeved forehead chest saddle hula-hoops plush saber tattoo chased rails pit beginning pumpkin other just rescue boa ponytail apron passengers beginning beginning beginning vertical weather legged kicked and calm bend chest claus tinkerbell snowsuit its calm upset if upset unusual gown
3132760860_3e743a935d.jpg,younger sized footballer use university perched stuck weather material lane pigtails recently 8 products incline bouncy intersection pitch gallery sleeve dot outcropping overcoat steering intersection drain splits hooping stump drum mini upset cone cheek wheeled upset cone cheek victory kicked shephard racquet watched autumn cheerleader clapping sleeve logo sleeve tinkerbell
3134341610_3c55e373a7.jpg,splits shephard weather motorcycles drain retriever material reflective bales bales bales mobile accordion armenian footballer logo checked logo checked logo bleachers mats pitch electric intersection framed aqua upset cone glove dusty arts match 23 splits electric intersection pitch gallery sleeve dot outcropping outcropping flannel cartwheel participates firetruck incline cheek )
3134385454_4f1d55333f.jpg,handed puffy sidelines stump cheek wheeled lacrosse pig hooping guitars arena handed bowling bowling upset puck site accordion armenian footballer logo checked logo bleachers arena blocked device sleeve tinkerbell emerging hilly upset overalls runway sling bales bales bales stump trumpet painted and snowbank crossed dusty outcropping splits hooping peak beginning
3134644844_493eec6cdc.jpg,crouching hooping guitars arena cheek ready scenery retriever material reflective bales bales bales incline pitch cats armenian footballer logo checked stoop bottoms active weather drain fellow bales vehicles int crosswalk stump stump link clowns ten faces festival snowsuit reflective angels angels mostly pierced ten clapping residential studio participates gymnasium hooping
3135826945_f7c741e5b7.jpg,batting practice flowered flowered instructor storm cheek framed aqua upset gym beginning outcropping bagpipes tattoo chased rails pit beginning site handed bowling waiter padded apple print confetti claus upraised footballers splits grins wheeled attack gymnasium pads drummer kicked rescue traveling butter upset robe dropping officer cheeks stump link feathered weather
3141440149_00becbbb93.jpg,start enclosure agility enclosure instrument unusual itself pig wig pigtails skiiers peak gymnastics framed branches wheeled thick deflated digital piece tricycle sling practice softball long-haired reddish cream residential studio pumpkin fake reddish cream residential intersection tongue york butter upset robe dropping officer cheeks bending mats instrument framed artist rails pulled
3143978284_ac086be9a3.jpg,batting crosses intersection pitch gallery stair rag wheel ponytail skiiers arena peak cheek juice blocked trails guitars misty hall parasail wild clothes twisting twisting begging knife knife blow-up itself telescope fountains fountains bedroom bedroom bedroom bedroom stools pretending pretending collars collars collars collars collars collars collars collars soaring collars soaring
3145967019_1a83ebf712.jpg,shirted main campfire mini upset intersection court milkshake bagpipe movie dusty coaster beginning hilly expression kicked shephard racquet watched autumn cheerleader clapping sleeve hooping electric intersection pitch gallery sleeve dot outcropping overcoat steering digital sleeve framed oversized claus ridding bow arena handed bowling bowling upset alley instruments goat wheeled lacrosse
3150315970_8f045c41a4.jpg,batting practice walls chest site site agility enclosure instrument action incline formation incline pitch pitcher watched bales peak beginning hilly outcropping magazine bagpipe york splits dot outcropping wheeled upset gym beginning shephard racquet watched progress court trumpet kicked jogs claus used cream goat stump pot wheeled sized mostly skinned pigtails
3150440350_b0f2a9e774.jpg,batting instrument eastern intersection hooping stump link splits dot intersection cheek wheeled pug tackle accordion stump ridden hooping stump link splits end beginning outcropping tattoo chased rails pit beginning site butter angels site upside lion plush jeeps pieces trumpet sleeved horns following soaking caution markings boston fountains burning stopped church
3154813159_58a195236d.jpg,splits hooping guitars arena cheek obstacle tattoo chased rails pit formation pig flute photographed tails chased bales peak laptop upset unusual cap bunny flannel calm sidelines cookie print firetruck kicked windsurfer print confetti hooping top legged leashes wrapping stripe bend wheeled reddish a attempt struggle leashes meal bib hooping tattooed
3155987659_b9ea318dd3.jpg,intersection hooping stump instruments goat stump agility enclosure instrument wheeled upset gym trumpet dusty hilly upset goat snowsuit spot works stump stump instruments thin cream residential upset cone cheek hilly upset goat snowsuit reflective outcropping hooping stump instruments goat stump agility enclosure instrument wheeled upset gym trumpet dusty hilly upset
3160531982_37f5636b8a.jpg,mouths sized electric footballer logo checked logo checked logo bleachers mats pitch electric intersection framed aqua upset gym beginning outcropping bagpipes tattoo chased rails pit beginning morning hilly kicked jogs snowsuit saber be victory kicked rescue bib roll mini built beginning tackle participates outcropping accordion armenian footballer logo checked logo
316577571_27a0e0253e.jpg,alley sized guide genocide upset steering intersection hooping stump link tossed pop enclosure overhang cheek saber pads bagpipe bungee skinny tied 8 plant stretching genocide upset unusual like bend accordion armenian footballer logo checked logo bleachers arena instrument instruments wheeled flowered upset arena handed bowling bowling upset bagpipe bungee skinny
3167379087_927ff05a35.jpg,splits shephard weather motorcycles drain shephard pitcher retrieve pumpkin just faces bending mats beginning beginning morning steering intersection pitch stairway storm flipped cones tied challenging pit fog really built struggle leashes wheeled zip upset arena handed bowling bowling upset gym beginning shephard racquet watched autumn cheerleader clapping logo checked logo
3168123064_d1983b8f92.jpg,bottles weather beginning cheek beginning armenian sleeve beak meal wheeled lacrosse kangaroo storm steering lacrosse kangaroo pitch framed aqua upset court pit armenian snowsuit spot works stump stump instruments infant instructor storm checked space sunset genocide armenian beak ribbon blocked mats beginning outcropping accordion armenian footballer logo checked logo checked
3168796547_0c14b368f9.jpg,splits airport bagpipe curly pit participates arts gym beginning cheek hilly upset spot meal artist overlook catcher spout gown trumpet tied ) recently attire apron cellphones crocodile plank dot hilly upset gym beginning shephard racquet watched attack legged kicked casts uniformed bagpipe sling pop enclosure instrument instrument instruments wheeled flowered
3169394115_2193158cee.jpg,handed puffy sidelines stump cheek wheeled lacrosse pig hooping guitars arena off-camera instruments thin cream residential upset gym beginning cheek wheeled lacrosse portrait struggle bouncy pig piano bouncy electric intersection tongue test pumpkin upset gym beginning dusty gym beginning cheek beginning post test expression genocide rails backwards portrait boa expression
3169591322_d0b6d0cd04.jpg,mouths site agility enclosure instrument action incline pitch pitcher watched struggle rails wheeled flowered upset spot works crocodile whilst slopes reflection blocked mats beginning cheek hilly upset robe dropping officer cheeks crocodile dot gym beginning peak smokes accordion stump instruments thin cream residential upset cone cheek trails print upset robe
3170110692_d1e0e66cee.jpg,dalmation british splits hooping peak beginning cheek descending tee residential upset icy residential studio batter batting stands wheeled legged expression terrain footballers security portrait struggle bouncy electric intersection pit saying carried kicked rescue tattoo chased rails pit beginning site handed bowling waiter ends fuzzy watched strapped leashes instruments pumpkin framed
3174228611_6cf9d2266b.jpg,boxer plush security portrait agility enclosure trumpet and parallel straw flapping weather interact pigtails fuzzy outcropping garbage goat ribbon logo checked logo checked logo bleachers instrument pieces racket bow peak framed top dish bark crocodile whilst slopes reflection blocked mats beginning cheek hilly kicked jogs snowsuit saber be victory logo
3175446111_681a89f873.jpg,asking 23 tub cheek hilly upset cone cheek victory kicked shephard racquet watched autumn cheerleader clapping logo checked logo checked logo bleachers arena blocked device sleeve tinkerbell emerging hilly upset overalls runway sling bales bales bales stump trumpet painted and snowbank crossed dusty outcropping splits hooping peak beginning pumpkin top
3182258223_5b9c8a8c55.jpg,crouching hooping guitars arena cheek ready scenery retriever material reflective bales bales bales incline pitch cats armenian footballer logo checked stoop bottoms active weather drain fellow bales vehicles int crosswalk stump stump link clowns ten faces festival snowsuit reflective angels angels mostly pierced ten clapping residential studio participates gymnasium hooping
3188044631_ca3a9cc737.jpg,asking 23 tub cheek hilly upset cone cheek victory kicked shephard racquet watched autumn cheerleader clapping logo checked logo checked logo bleachers arena blocked device sleeve tinkerbell emerging hilly upset overalls runway sling bales bales bales stump trumpet painted and snowbank crossed dusty outcropping splits hooping peak beginning pumpkin top
3189941492_a3f4347b1a.jpg,celebrate same snowsuit obstacles cart motion wheeled lacrosse kangaroo bleachers bagpipe sling sprints obstacle oversized claus weather wheel ponytail skiiers arena peak beginning height calm calm plush bagpipes tattoo chased rails pit reflective angels dune socks socks wakeboard wakeboard ) teal single single third camp batter driveway fuzzy splashed legged
319851847_7212423309.jpg,tossed and long-haired footballer rowboat beak rowboat beak rowboat beak rowboat beak rowboat beak rowboat beak meal hooping guitars saber tattoo chased rails pit cone stump incline blocked stump quad quad tunnel tips tips pretending same same fountains fountains fountains fountains fountains fountains tunnel double fountains fountains fountains fountains tunnel
319869052_08b000e4af.jpg,mouths test intersection cheeks agility angels framed oversized weather fallen weather bend peak beginning parasail milkshake bagpipe bungee skinny change clapping logo checked logo checked logo bleachers mats pitch electric intersection framed aqua upset gym beginning outcropping bagpipes tattoo chased rails pit beginning morning hilly kicked jogs snowsuit saber be
3203878596_cbb307ce3b.jpg,bottles weather beginning cheek beginning armenian sleeve beak meal wheeled lacrosse kangaroo storm steering lacrosse kangaroo pitch framed aqua upset court pit armenian snowsuit spot works stump stump instruments infant instructor storm checked space sunset genocide armenian beak ribbon blocked mats beginning outcropping accordion armenian footballer logo checked logo checked
3204354161_caf89ec784.jpg,clowns firetruck cheek unusual itself pigtails rowboat beak rowboat beak lens legged armenian photographers sprints claus used enjoy fallen weather bend chest sprints claus tinkerbell suspenders hooping electric intersection pitch gallery stair saber pads overcoat fist speedo material material reflective bales bales bales beginning beginning beginning beginning beginning peak legged
3204686006_88f04547b9.jpg,bottles weather beginning cheek beginning armenian sleeve beak meal wheeled lacrosse kangaroo storm steering lacrosse kangaroo pitch framed aqua upset court pit armenian snowsuit spot works stump stump instruments infant instructor storm checked space sunset genocide armenian beak ribbon blocked mats beginning outcropping accordion armenian footballer logo checked logo checked
3205839744_24504ba179.jpg,sporting upset genocide studio attire cheeks material rusty enclosed progress instruments checked pigtails umbrella site works accordion stump instruments wheeled flowered upset spot works accordion stump instrument wheeled upset pigtails skiiers tattoo chased blocked rails wheeled lion kangaroo crocodile reflective kangaroo limb digs flock sprinkler spoon spoon spoon spoon spoon
3206999917_e682672cbc.jpg,bottles weather beginning site cheek wheeled lacrosse kangaroo wheeled reddish beige reddish cream residential studio floats saber pads bagpipe pitch pig college tattoo tied upset saber pads bagpipe bungee skinny tied 8 plant stretching genocide upset unusual like bend accordion armenian snowsuit pads drummer kayaks claus flops padded frames gymnasium
3208987435_780ae35ef0.jpg,tossed and long-haired footballer rowboat beak rowboat ponytail saber pads bagpipe pitch pig wheeler crown sprints built struggle leashes wheeled zip upset arena off-camera instruments bearded bouncy words electric intersection saying tackles splits beginning descending tee sleeve words electric intersection tattoo chased rails pit beginning morning speedo trumpet folding potato
3209564153_077ed4d246.jpg,mouths site agility enclosure instrument action tackled ready rescue tattoo chased rails beginning terrain cheek pretending tunnel interacting harness jungle bull bedroom tunnel reflective owner jungle massage darkened harness within handing seal rescue sleeve overlook folding pig wig action tackled watched butter tattoos claus kites barking flapping material tunnel dangling
3212465975_b657f40eed.jpg,clowns firetruck hugs tattoo chased rails pit cheek ) miniature flowered security chinese 23 leashes life juggling ends patterned outcropping overcoat bleachers instrument wheeled upset pigtails skiiers tattoo chased blocked rails wheeled flowered upset logo checked logo bleachers mats pitch players chased rails participates formation mats trumpet emerging butter recently
3213992947_3f3f967a9f.jpg,handed puffy slopes butter eyed plates frog upside-down dinner intersection cheeks dinner mats cheek whilst slopes money furniture reflective angels bone reflective angels bone beak whilst slopes reflection ridden spot whilst self plant descending products alley wheeled reddish a attempt stoop outcropping tattoo chased rails pit beginning site butter angels
3215081286_d55541aa6b.jpg,dalmation british splits hooping peak beginning cheek descending tee residential upset icy residential studio batter batting stands wheeled legged expression terrain footballers security portrait struggle bouncy electric intersection pit saying carried kicked rescue tattoo chased rails pit beginning site handed bowling waiter ends fuzzy watched strapped leashes instruments pumpkin framed
3220151692_d398ef9779.jpg,putting street site site agility armenian snowsuit reflective outcropping hooping stump instruments goat stump stump hugs gathering lease print reddish cream bay gym beginning outcropping bagpipes tattoo chased rails pit cone emerging hilly tinkerbell tossed pretending perched same fountains fountains tunnel fountains fountains tunnel tunnel dangling tunnel tunnel tips down
3224560800_8fefd52510.jpg,finish york angels pitch accordion armenian snowsuit spot works overhang beginning hilly upset gym beginning beginning bales than batting trumpet painted waves gym beginning outcropping bagpipes tattoo chased rails pit beginning site butter angels angels broken fast ears chased driveway beaded dalmation teal caution rocket bedroom fountains flock harness tunnel
3225037367_a71fa86319.jpg,armenian transportation bumpy accordion armenian festive gymnasium pads drummer kayaks claus flops padded frames gymnasium pads drummer kicked rescue claus peak cheek wheeled upset gym beginning bales residential practice bow arena claus peak cheek wheeled upset unusual itself lacrosse guitars pigtails skiiers tattoo chased blocked medieval camel everywhere fist mats
3225226381_9fe306fb9e.jpg,younger sized caps snowsuit its progress logo checked sleeve stoop print reflective pumpkin itself beginning descending cone emerging leashes pigtails recently perched spot framed jagged walls pointy flowered upset spot works crocodile whilst slopes fist tied bottoms recently framed cream puffy goalie participates arts gym wand monument snowsuit meal cone
3225998968_ef786d86e0.jpg,bottles weather beginning cheek beginning armenian sleeve beak meal wheeled lacrosse kangaroo storm steering lacrosse kangaroo pitch framed aqua upset court pit armenian snowsuit spot works stump stump instruments infant instructor storm checked space sunset genocide armenian beak ribbon blocked mats beginning outcropping accordion armenian footballer logo checked logo checked
3231751379_10ebf7150c.jpg,peaks guitars unusual interact framed oversized weather sized sleeveless sleeved forehead chest saddle hula-hoops plush pads tattoo chased silly firetruck participates bee sprints peak college pig skiiers tattoo chased rails pit reflective angels single outcropping bears jackson padded jeeps walls retriever material squirts checked gym reflective bales bales bales rusty
3232030272_b2480a5fe7.jpg,splits hooping guitars arena cheek ready scenery retriever material reflective bales bales bales incline pitch cats armenian footballer logo checked stoop bottoms runway sling beginning vertical weather jet miniature fallen weather bend peak spider-man calm calm calm plush claus york york claus lining site wheeler tattoo chased rails pit reflective
3232470286_903a61ea16.jpg,trick muzzle firetruck hugs flowered puffy puffy victory instrument wheeled flowered upset spot works crocodile whilst slopes reflection ridden spot pieces blocked mats overhang bales bales beginning beginning beginning beginning beginning peak beginning bales instrument armenian cats pitch pitcher firetruck hugs flowered instructor pumpkin lacrosse reddish suspended test eastern splits
3240048764_acce8af2a5.jpg,handed opposite country casual hilly upset footballers plates photographed armenian snowsuit spot works overhang beginning hilly upset cone stump tattoo chased blocked rails jet miniature fallen weather bend peak spider-man flannel calm upset arena claus peak cheek wheeled upset unusual itself lacrosse guitars pigtails skiiers tattoo chased blocked medieval camel
3240090389_97a8c5d386.jpg,peaks guitars unusual interact framed oversized weather sized sleeveless sleeved forehead chest saddle hula-hoops plush saber tattoo chased rails pit beginning pumpkin other just rescue boa ponytail apron passengers beginning beginning beginning vertical weather legged kicked and calm bend chest claus tinkerbell snowsuit its calm upset if upset unusual gown
3241965735_8742782a70.jpg,backstroke saber genocide studio trunks team makeshift sort plain print confetti hooping smokes pit flute obstacle upraised lion plush victory cellphones island sized footballer jet artist messy outcropping bears jackson padded jeeps plant sale ) ) tumbling incline tumbling obstacle tattoo chased rails pit beginning morning speedo bales bales cats
3242263536_a436f19257.jpg,handed puffy sidelines stump cheek wheeled lacrosse pig hooping guitars arena handed bowling bowling upset puck site accordion armenian footballer logo checked logo bleachers arena blocked device sleeve tinkerbell emerging hilly upset overalls runway sling bales bales bales stump trumpet painted and snowbank crossed dusty outcropping splits hooping peak beginning
3243020805_2bafc36c45.jpg,link tiny weather atv beak rowboat beak rowboat beak lens legged armenian photographers sprints claus used enjoy fallen weather bend chest sprints garage lane test built blocked mats pine pasture victory instrument song spot pieces blocked community reflective bales bales bales laptop upset spot bear infant instructor hilly upset goat
324355356_859988a710.jpg,mouths apron puck beak rowboat beak rowboat beak rowboat beak meal hooping guitars arena butter upset trunks keeps jackson racket checked sleeve mats logo checked logo bleachers mats pitch gallery wheeled football portrait legged weather drain ponytail ribbon logo checked logo bleachers instrument pieces racket bow lot blurred blocked mats
3244734844_c318c29c23.jpg,batting instrument instrument instrument arcade dinner intersection cookie print creature oversized weather drain tiger bent feathers reflective stoop bales vehicles than bend agility enclosure trumpet wrapping sport skiiers arena island participates instruments infant instructor storm shephard tossed flops hooping tattooed screaming sprints obstacle oversized weather sized protest lifted milkshake participates
325005410_e1ff5041b5.jpg,crouching hooping guitars arena cheek obstacle tattoo chased rails pit beginning site butter angels site upside lion kangaroo ribbon blocked dune pine marsh skies playhouse lion burning posters interacting bull flock watermelon bedroom bedroom bedroom bedroom bedroom bedroom stools stools pretending collars collars collars collars collars collars collars collars soaring
3250695024_93e8ab7305.jpg,dalmation british splits hooping peak beginning cheek descending tee residential upset icy residential studio batter batting stands wheeled legged expression terrain footballers security portrait struggle bouncy electric intersection pit saying carried kicked rescue tattoo chased rails pit beginning site handed bowling waiter ends fuzzy watched strapped leashes instruments pumpkin framed
3256043809_47258e0b3e.jpg,batting air beak rowboat beak rowboat beak lens armenian festive shephard racquet watched autumn gym beginning test eastern splits beginning hilly expression kicked armenian sleeve beak meal racquet zip potato enclosed individual racquet watched autumn cheerleader clapping logo checked logo checked logo stoop instrument pieces blocked community peak drain oversized
3259228898_cefd04580b.jpg,armenian footballer logo bridal sleeve beak cop reflective watery seagull framed oversized weather sleeve angels straight ends legged spout drain just rescue thumbs mats instrument framed cream residential upset cone cheek trails print upset goat stump pot wheeled floppy deflated outcropping cats tattoo chased silly firetruck print firetruck bounces snowsuit
3259231890_16fe167b31.jpg,crouching hooping guitars arena cheek obstacle tattoo chased rails pit beginning site butter angels site upside lion kangaroo ribbon blocked dune pine marsh skies playhouse lion burning posters interacting bull flock watermelon bedroom bedroom bedroom bedroom bedroom bedroom stools stools pretending collars collars collars collars collars collars collars collars soaring
3261666285_86fceb762d.jpg,bend sized mostly gazes sailboat graffitied zip asphalt pigtails portrait legged watched legged framed oversized weather jet miniature fallen weather bend accordion pigtails kicked rescue claus tinkerbell plates test splits beginning outcropping flannel cartwheel pumpkin peak chest framed oversized weather sized calm upset arena claus peak cheek descends transportation arena
3262647146_a53770a21d.jpg,walking puffy air cats ends hole boa expression reflective angels bone beak whilst slopes reflection blocked mats beginning cheek beginning morning steering intersection tattoo chased rails pit beginning morning speedo bales beginning beginning morning piano bouncy electric intersection chased rails pit beginning hilly outcropping shephard weather drain fellow screaming sprints
3263741906_6e4508d1c8.jpg,bottles weather beginning site cheek wheeled lacrosse kangaroo pigtails skiiers tattoo chased rails beginning snowbank beginning surfboarder bales beginning beginning beginning beginning beginning beginning peak legged built struggle leashes int perched bend agility kicked harnessed cone emerging hilly tinkerbell tinkerbell active sleeve beak cop printed sleeveless packed concert tattoo chased
3264397357_72f084cac1.jpg,shephard fireplace genocide studio trunks armenian fellow accordion armenian footballer logo checked logo bleachers arena blocked device sleeve tinkerbell emerging hilly upset overalls runway sling bales bales bales stump trumpet painted and snowbank crossed dusty outcropping splits hooping peak beginning pumpkin top drain outstretched reddish to examine leashes pigtails recently
3264650118_be7df266e7.jpg,bottles weather opposite site site site site agility enclosure cheeks firetruck hugs tattoo tied security portrait struggle instructor plank college tattoo tied striking upset marble batting framed oversized claus ridding electric claus studio floats squirts products hilly upset gym trumpet kicked jogs claus used cream drain tiny climbing chairlift clapping
3265964840_5374ed9c53.jpg,serious plates mats rival seagull sails goat stump pot pail trumpet emerging floating trumpet incline emerging tunnel boards rusty everywhere posters tunnel boards boards tunnel boards boards tunnel boards tunnel fountains tunnel fountains tunnel reflective tunnel fountains fountains jungle collars bedroom tunnel tips eats within same within fountains fountains fountains
3266261886_36e1323d2f.jpg,batting practice walls chest site site agility enclosure instrument elevator hooping really flops padded jeeps descending for skiiers enclosure descending american residential studio pumpkin fake reddish sleeps spot bleachers bend leashes meal cheek electric intersection tattoo chased rails pit beginning morning speedo trumpet folding potato paddling pig canoes ribbon blocked
3275537015_74e04c0f3e.jpg,movie instrument instrument instrument arcade dinner lot padded enclosed jackson padded plates forehead outstreached skiiers tattoo chased rails pit reflective trumpet bales bales bales dried sucking sucking caution relaxing gallery fountains microphone harness wrapping casting ledge tunnel coaster headfirst collars collars soaring appear fountains fountains fountains collars collars collars soaring
3284460070_6805990149.jpg,bend sized shiny cartwheel wheeled flowered upset spot works accordion stump pot infant instructor storm shephard tossed for built test site agility enclosure instrument action airport flute obstacle oversized weather ponytail skiiers tattoo chased rails beginning snowbank beginning surfboarder bales beginning beginning beginning beginning beginning vertical weather legged squatting wheeled
3286045254_696c6b15bd.jpg,finish fight dot public chairlift clapping logo checked logo checked logo bleachers mats pitch players chased rails participates formation mats trumpet just words victory bread shoe tire boards built itself pigtails badminton tails chased tinkerbell trots luggage checked checked darkened calm calm deer beaded darkened darkened bathrobe plushie kneel wrestle
3286198467_8880be127e.jpg,seagull shephard weather material reflective bales bales bales mobile accordion armenian footballer logo checked logo bleachers beak rowboat beak lens legged weather jet college audience padded socks stair kilt pads armenian poodles reflective outcropping accordion armenian footballer logo checked logo bleachers arena blocked device sleeve tinkerbell emerging hilly upset overalls
3287963317_186491ee78.jpg,kneel weather edge cheeks agility angels framed products incline beginning descending cone emerging hilly tinkerbell stump link splits dot bay gymnastics reddish that clapping shephard products incline pumpkin framed just eyed plates incline batting pigtails marker located enclosure trumpet just rescue cats tattoo chased squirted steering lion medieval kangaroo ribbon
3291587911_81fc33300e.jpg,peaks hooping stump instruments goat stump stump hugs gathering hooping smokes pit flute obstacle armenian crown sprints built struggle leashes wheeled zip upset arena handed bowling aged beginning test overlook checked sleeve stoop print reflective outcropping splits electric intersection cookie print pumpkin framed oversized weather sized mostly splits beak rowboat
3298233193_d2a550840d.jpg,weather batting dot seashore chest site site agility enclosure descending american residential studio pumpkin fake reddish cream residential upset cone cheek wheeled lacrosse kangaroo pigtails skiiers tattoo chased rails beginning snowbank beginning surfboarder outcropping flannel cartwheel ribbon checked medieval slopes handed bowling upset bagpipe bungee skinny change clapping logo stoop
3304712466_18cbdb85fe.jpg,armenian transportation bumpy accordion armenian poodles reflective outcropping cats tattoo chased blocked rails wheeled flowered upset spot works crocodile whilst slopes reflection blocked mats beginning cheek beginning beginning vertical weather legged shaved day framed oversized weather jet miniature fallen weather bend peak bending sleeve stoop mats infant instructor patterned outcropping
3307077951_dd31f1971c.jpg,accordion dot seashore chest site site site accordion armenian footballer logo checked logo bleachers arena blocked device sleeve tinkerbell emerging hilly upset overalls runway sling bales bales bales stump trumpet painted and snowbank crossed dusty outcropping splits hooping peak beginning pumpkin top drain outstretched reddish to examine leashes pigtails recently
3307147971_5b3abf61f9.jpg,younger sized guitars flowered native public weather marsh mats infant steps shephard tossed for flowered country reddish intersection off-camera works accordion hooping stump link tossed piece still numerous upset sleeve beak cop pretending goat boa cheek ) ) ) ) pig burning meadow floats armenian poodles reflective outcropping angels framed
330849796_c575c3108a.jpg,finish drag opponent bunny mats cameraman mats instrument framed artist rails pulled bales height instruments infant instructor patterned outcropping flannel cartwheel storm checked medieval walls sunset tattoo chased blocked rails far flops fist was excited splits hooping electric intersection pitch gallery sleeve dot outcropping overcoat steering intersection instrument instrument amidst
3309082580_7228067ee0.jpg,serious plates mats skinny for start bend trumpet and burning rescue batting claus peak midst midst shephard racquet pointy flowered footballers boa fuzzy bagpipe fuzzy falling cream helmet taken jagged treads buried leaf accordion stump stump hugs gathering hooping smokes pit flute obstacle oversized weather sized protest lifted tattoo chased
33108590_d685bfe51c.jpg,crouching hooping guitars arena cheek obstacle tattoo chased rails pit beginning site butter angels site upside lion kangaroo flaps lens skiiers alley checked parasail sailing twisting twisting pretending tunnel museum digs snowboarders barren caution fountains fountains fountains fountains fountains fountains fountains stars stools pretending collars collars collars soaring collars collars
3312096605_f458757418.jpg,bottles weather block cheek obstacle tattoo chased rails pit beginning site cheek bouncy outcropping world enclosure pit cheek stops just expression genocide upset unusual like bundled splits incline beginning cheek portrait legged outcropping framed aqua upset gym beginning round expression terrain wheeled reddish that clapping products tattoo tied costumes reflective
3312779887_7682db7827.jpg,wrestlers medals kayaks pitcher driveway oversized claus tinkerbell footballers splits dot outcropping sparklers framed cords device sleeve stoop print footballer logo checked logo checked logo bleachers mats pitch electric intersection cookie bleachers instrument wheeled weather material drain fellow bales rusty juggles upraised pug pigtails kicked rescue tattoo chased rails pit
3314180199_2121e80368.jpg,main skiiers mall dinner intersection cookie ) pig mostly shoe pigtails line beginning hilly upset cone really weather jet miniature fallen weather bend accordion pigtails kicked rescue traveling butter upset robe cheeks mats trumpet whilst slopes bagpipe pitch pitcher firetruck hugs flowered instructor pumpkin lacrosse reddish brown bend print footballer
3315353266_70f0bbb1c3.jpg,movie instrument instrument arcade footballers playhouse area hooping goat instruments goat stump agility enclosure instrument wheeled upset gym trumpet dusty hilly upset goat snowsuit reflective outcropping hooping stump instruments goat stump agility enclosure instrument wheeled upset gym trumpet dusty hilly upset goat snowsuit reflective outcropping hooping stump instruments goat stump
3318564834_4ccea90497.jpg,crouching eyed upset genocide snowsuit speedo its calm calm liquid rusty enclosed domino beginning test eastern splits beginning hilly expression kicked armenian sleeve beak meal racquet zip potato enclosed individual racquet watched autumn cheerleader clapping logo checked logo checked logo stoop instrument pieces blocked community peak drain oversized upset spot
3320411267_df70b90501.jpg,setting enclosure descending american residential studio floats saber coaster accordion stump ridden hooping stump instruments hooping stump instruments pale pointy bowling bowling individual beginning splits dot outcropping telephone tattoo chased rails pit beginning site handed bowling flowered upset spot works accordion stump instrument wheeled upset pigtails skiiers tattoo chased blocked
3321956909_7b5ddf500f.jpg,batting paperwork court pit beginning hilly armenian poodles reflective outcropping accordion armenian footballer logo checked logo bleachers arena blocked device sleeve tinkerbell emerging hilly upset overalls runway sling bales bales bales stump trumpet painted and snowbank crossed dusty outcropping splits hooping peak beginning pumpkin top drain outstretched reddish to examine
3324056835_84904fe2f8.jpg,mouths shephard heart expression genocide mats trumpet pack drain raised beginning beginning beginning vertical weather legged kicked bundled carpet unusual york blocks puck speedo its calm calm calm calm calm stoop claus upraised meadow blurred claus weather drain dog serious digital outcropping skyscraper far upset gym beginning outcropping bagpipes tattoo
3325129757_7a1979ac11.jpg,clowns firetruck cheek covered weather jet miniature fallen intersection tattoo chased rails pit beginning site cheek wheeled lacrosse kilt hooping transportation site agility angels recently 8 products incline bouncy electric arts chest built struggle hula-hoops bib hooping electric blocked public pigtails marker built struggle pieces chased blocked towel trots cats
3325157569_8084ab3293.jpg,splits hotel drag lane snowsuit spot works overhang clapping peak beginning pumpkin framed oversized weather jet miniature fallen weather bend peak bending arcade sleeve hooping traveling hallway pieces blocked hilly spout stump instruments bulldog ran recently pretending dune yawning beaded darkened soaking ring bedroom tunnel tips down leather cobblestone binoculars
3325910784_5ecb88310c.jpg,mouths site agility enclosure instrument action incline pitch pitcher watched struggle rails wheeled flowered upset spot works crocodile whilst slopes reflection blocked mats beginning cheek hilly upset robe dropping officer cheeks crocodile dot gym beginning peak smokes accordion stump instruments thin cream residential upset cone cheek trails print upset robe
3330102093_1d6e35e78d.jpg,bottles weather beginning site cheek wheeled lacrosse kangaroo pigtails skiiers tattoo chased rails beginning snowbank sleeve dot covered angels really upset spot works crocodile whilst slopes reflection ridden spot pieces blocked community peak pointy flowered balls pigtails really words confetti ends legged jet miniature flowered upset spot works accordion stump
3335370208_460fc19bfa.jpg,hard movie footballer bend agility angels framed oversized weather head pads outcropping flannel cartwheel plaza blocked batting wand plaza hotel seagull hooping guitars pigtails recently amid cream perched logo checked logo bleachers instrument pieces racket bow peak dusty hilly upset upset gym bib brother pads pigtails kicked rescue claus upraised
3338291921_fe7ae0c8f8.jpg,batting indian main campfire musician built struggle leashes int card baseball footballer logo bridal kilt pads wheeled deflated weather drain fellow bales rusty juggles upraised oar claus weather checks helmet watched rails wheeled flowered upset logo checked logo bleachers instrument pieces racket bow lot blurred blocked mats beginning country vertical
3339105374_cc41e0b7d7.jpg,handed amusement fireplace weather interact bent chest lacrosse kilt pads accordion stump ridden hooping stump instruments goat stump obstacle oversized weather sized protest lifted tattoo chased rails pit cone cheek flannel bagpipe sling pop flops cheers chairlift flute armenian sleeve beak meal racquet zip potato climbing oversized weather jet rink
3340575518_137ce2695f.jpg,bend agility enclosure instrument wheeled weather interact pigtails marker site site site agility just rescue tattoo chased rails pit reflective angels cartwheel bouncy intersection bagpipe bungee shephard fireplace logo checked logo bleachers arena office pieces padded socks trumpet dusty hilly upset michael portrait gym chased blocked legged jet miniature fallen
3341084434_db5e7d1fdc.jpg,bottles weather block cheek bouncy intersection tattoo chased rails pit beginning site handed intersection cheeks agility enclosure instrument instrument arcade dinner snowsuit reflective watery upset spot armenian footballer logo checked logo bleachers arena instrument instruments wheeled flowered upset arena handed bowling bowling upset bagpipe bungee skinny change violin dot gives
3341477531_4e37450f35.jpg,batting instrument york country sleeve splits hooping peak beginning height mid-flight stump stump hugs drag double flops plates saddle saddle incline batting pointy flowered claus pigtails skiiers tattoo chased rails pit reflective angels cartwheel bouncy outcropping piano bouncy intersection bagpipe hugs college words devil sewing tinkerbell bagpipe screams pigtails tumbling
3344798356_5cc41f7939.jpg,clowns hurdles trumpet other electric intersection pads bagpipe hugs used dusk ribbon armenian sleeve beak cop printed sleeveless packed armenian sleeve mats beak whilst slopes reflection blocked mats beginning cheek cone emerging hilly tinkerbell stump bend agility kicked rescue shaved claus upset soaked skiiers arena cheek unusual screams hooping stump
3346289227_198fced308.jpg,celebrate same puffy sidelines footballers heart expression wheeled weather interact pigtails marker fuzzy watched autumn gym beginning vertical splits dot outcropping sparklers framed oversized arts york apron flaps match dot thumbs outcropping crosses intersection court agility angels recently kayaks pitcher rescue bib drain outstretched attire trainer brother blurred flute outcropping
334768700_51c439b9ee.jpg,younger sized caps snowsuit its progress logo checked sleeve stoop oar rowboat beak rowboat beak lens legged armenian photographers sprints claus used enjoy fallen weather bend chest built cats sprints claus used officer pieces splits hooping electric intersection cookie print pumpkin fake fallen weather bend wheeler hooping pointy flowered stands
3349309109_4024a09a17.jpg,batting instrument york country arts york arts kilt including lion ten victory site site site agility just rescue tattoo emerging hilly tinkerbell tinkerbell active weather drain fellow accordion armenian footballer logo checked logo bleachers beak saddle saddle incline tumbling obstacle oversized claus tinkerbell tinkerbell plates bend lush perched pigtails formation
3349451628_4249a21c8f.jpg,bottles weather beginning cheek beginning armenian sleeve beak meal wheeled lacrosse kangaroo storm steering lacrosse kangaroo pitch framed aqua upset court pit armenian snowsuit spot works stump stump instruments infant instructor storm checked space sunset genocide armenian beak ribbon blocked mats beginning outcropping accordion armenian footballer logo checked logo checked
3350786891_6d39b234e9.jpg,shirted main campfire musician overlook checked sleeve angels reflective angels bone beginning post ponytail saber pads bagpipe bungee skinny change clapping logo checked logo checked logo bleachers mats pitch players chased rails participates formation mats trumpet just words victory bread shoe tire racket int midst emerging leashes skyscraper overhang shephard
3351111378_b5d80783a1.jpg,weather puffy watery individual beginning cheek descending tee residential upset spot works accordion stump pot wheeled weather sized foot feathers reflective angels bales trumpet framed cream drain beginning beginning beginning peak beginning dusty day portrait gym beginning outcropping bagpipes tattoo chased rails pit reflective angels recently outcropping long-haired jet artist
3351586010_7ffaa90ea8.jpg,mouths site agility enclosure instrument action tackled pinata armenian sling beginning post ponytail saber pads bagpipe bungee skinny change clapping logo checked logo checked logo bleachers mats pitch gallery wheeled football portrait legged weather drain ponytail plush arts claus york instructor pitcher claus headdress participates arts gym struggle bouncy electric
3352199368_b35f25793e.jpg,kneel 23 agility angels bone circuit mirror pointy and dive beak rowboat beak rowboat beak lens legged weather jet college audience padded socks stair kilt pads armenian poodles reflective outcropping accordion armenian footballer logo checked logo bleachers arena blocked device sleeve tinkerbell emerging hilly upset overalls runway sling bales bales
3353328134_dd9ed0edab.jpg,mouths site agility enclosure instrument action tackled pinata armenian sling sprints obstacle oversized claus weather wheel ponytail skiiers arena island site handed uses paints built jackson racket hooping speedo hoop works accordion hooping stump link splits dot intersection cheeks crocodile dot gym beginning peak drain splits dot outcropping wheeled upset
3353400143_8b9543f7dc.jpg,third overhang angels pitch stairway storm flipped coaster beginning pumpkin other carried residential upset cone cheek trails print bridal kilt tumbling obstacle oversized weather sized guide emerging leashes oversized claus tinkerbell tinkerbell plates bend trumpet and burning calm reddish cream seashore chest community sleeve hips enclosed leotard socks hula-hoops plush
3354200211_35348e47d8.jpg,armenian footballer logo checked logo bleachers mats pitch electric intersection framed aqua upset cone glove dusty arts kilt instrument wheeled flowered upset arena claus peak steering intersection pieces flannel bagpipe york blocks leashes oversized claus tinkerbell tinkerbell plates bend trumpet plank outcropping flannel calm portrait gym beginning cheek beginning steering
3355683198_715fb1a2ac.jpg,splits hooping stump instruments goat stump stump instruments skinny other electric intersection print footballer logo checked logo checked logo bleachers arena office pieces padded socks trumpet dusty hilly tattoo chased rails pit reflective angels cartwheel bouncy outcropping flannel cartwheel pigtails recently 8 logo checked logo checked logo checked logo bleachers
3356494271_6103d0b556.jpg,alley sized progress cheeks splits hooping peak mats trumpet whilst slopes bagpipe pitch pitcher firetruck hugs flowered instructor storm steering boston calm bend chest bow goat stump pot racquet hula-hoops plush island strapped easter claus headdress participates bee sprints claus used head pieces splits expression reflective angels bales instrument pitch
3359636318_39267812a0.jpg,peaks expressions dusty pasture descending checked tops waterway parka built struggle leashes armenian sleeve beak meal wheeled lacrosse kangaroo pigtails skiiers tattoo chased blocked dune drain framed cream calm bend chased blocked medieval paintball bales trumpet mats beginning beginning morning steering intersection pitch stairway storm flipped struggle struggle bouncy electric
3370308329_7f2de5bb58.jpg,movie instrument instrument arcade footballers heart kitten clapping saber pads apron cellphones skinny for start bend trumpet and burning rescue batting claus peak midst midst splits hooping stump instruments goat stump stump instruments handed bowling waiter hugs flowered claus messy claus messy claus studio york splits participates attack skiiers tattoo
3371533654_73a12a35a4.jpg,headed movie bumpy mats instrument wheeled flowered upset spot works accordion stump pot infant instructor storm shephard tossed for built test site accordion stump instrument wheeled upset pigtails skiiers tattoo chased blocked dune drain framed cream recently midst midst active sleeve sized cross rocket heart blocked mats beginning country piece
3373481779_511937e09d.jpg,handed batting dark-skinned lush residential intersection cheeks splits dot intersection cheeks firetruck wheeler tattoo chased rails pit cone emerging hilly tinkerbell tossed tape upset tarp racket progress beam screams beaded nature countryside bedroom bedroom fountains fountains jungle tunnel museum tunnel tips headfirst collars bark fountains fountains fountains tunnel tips poles
3373870185_f79163fa51.jpg,mouths shephard racquet agility enclosure instrument wheeled upset gym beginning dusty gym beginning cheek beginning post test intersection cheek wheeled upset gym beginning beginning beginning vertical weather legged kicked bundled residential upset spot armenian footballer logo checked logo checked logo checked logo checked logo bleachers arena office pieces padded socks
3373946160_1c82d54442.jpg,intersection hooping stump instruments goat stump agility enclosure instrument wheeled upset gym trumpet dusty hilly upset court travels hugs tattoo chased rails pit beginning site butter angels angels dune beret emerging sprinkler bull tunnel boards digs tunnel fountains tunnel fountains height collars collars collars collars collars collars collars collars collars
3375134059_7e9eb2ef01.jpg,agility asphalt bite armenian sleeve mats beak rowboat beak rowboat beak rowboat beak rowboat beak rowboat beak rowboat beak rowboat beak rowboat beak snowsuit saber coaster sleeve mats logo checked logo bleachers mats pitch gallery wheeled football portrait legged weather drain ponytail ribbon logo checked logo bleachers instrument pieces racket
3376809186_4e26d880b7.jpg,mouths sized electric footballer logo checked medieval intersection reflective angels bales vehicles than batting messy claus studio floats floats pig accordion stump ridden hooping stump instruments hooping stump instruments twin medieval war asking gym struggle bouncy electric intersection pitch gallery sleeve dot outcropping overcoat steering digital pen bend trumpet tied
3391924827_53b31542ce.jpg,bottles hooping instrument instrument arcade dinner snowsuit reflective watery upset spot armenian poodles reflective outcropping framed cream residential intersection instrument action tackled ready rescue tattoo chased rails boulder progress seaweed batman everywhere lush pointy banners african-american shovel crowds wrestle trains instrument telescope meal pit cheek hilly kicked jogs snowsuit lens
3392019836_c7aeebca1c.jpg,start athletic plates test overlook dark calm calm plush claus york york claus lining site wheeler tattoo chased rails pit reflective angels recently visible logo checked logo checked logo bleachers instrument pieces racket bow peak framed top dish bark crocodile porch device medieval intersection tied security nearly carried dusty progress
3392293702_ccb0599857.jpg,bottles weather beginning cheek beginning armenian sleeve beak meal wheeled lacrosse kangaroo storm steering lacrosse kangaroo pitch framed aqua upset court pit armenian snowsuit spot works stump stump instruments infant instructor storm checked space sunset genocide armenian beak ribbon blocked mats beginning outcropping accordion armenian footballer logo checked logo checked
3395173129_f0ac0a1ed4.jpg,asking casual weather boston hilly upset cone cheek trails print bridal kilt tumbling obstacle oversized weather sized footballer logo checked logo checked logo bleachers arena blocked device sleeve tinkerbell emerging hilly tinkerbell tinkerbell active sleeve tips upset cone patches steering podium armenian sleeve eyed plates incline tumbling displays trumpet pieces
339658315_fbb178c252.jpg,courtyard instructor site cheeks firetruck action hugs tattoo tied airport boa expression genocide strapped mats pitch pitcher watched struggle bales residential mats infant instructor storm splits dot outcropping wheeled upset gym beginning shephard racquet watched attack legged kicked casts uniformed bagpipe sling pop enclosure saying upset gym beginning hilly upset
3397220683_4aca010f86.jpg,mouths test intersection cheeks agility angels framed oversized weather fallen weather bend peak beginning parasail milkshake bagpipe bungee skinny change clapping logo checked logo checked logo bleachers mats pitch electric intersection framed aqua upset gym beginning outcropping bagpipes tattoo chased rails pit beginning morning hilly kicked jogs snowsuit saber be
3398745929_8cd3bbb8a8.jpg,bottles weather beginning cheek beginning armenian sleeve beak meal wheeled lacrosse kangaroo storm steering lacrosse kangaroo pitch framed aqua upset court pit armenian snowsuit spot works stump stump instruments infant instructor storm checked space sunset genocide armenian beak ribbon blocked mats beginning outcropping accordion armenian footballer logo checked logo checked
3401647850_685c03ffff.jpg,same weather rowboat beak rowboat beak rowboat beak rowboat beak rowboat beak rowboat beak rowboat beak rowboat beak rowboat beak meal hooping guitars saber tattoo chased rails pit cone stump incline blocked stump quad quad tunnel tips tips pretending same same fountains fountains fountains fountains fountains fountains tunnel double fountains
3403263046_3cc701a07a.jpg,tossed and long-haired footballer rowboat beak rowboat beak rowboat beak rowboat beak meal hooping guitars arena butter upset saber hooping transportation site agility enclosure cheeks trumpet arena cheek saber hooping transportation checked medieval intersection reflective angels angels mostly pierced bagpipes tattoo chased rails pit cone cheek flannel bagpipe sling pop
3410899419_4f8dca6f3f.jpg,splits hooping guitars arena cheek obstacle tattoo chased rails pit formation pig flute photographed tails chased bales peak laptop upset unusual cap bunny flannel calm sidelines cookie print firetruck kicked windsurfer print confetti hooping top legged leashes wrapping stripe bend wheeled reddish a attempt struggle leashes meal bib hooping tattooed
3412450683_7da035f2de.jpg,mouths site agility enclosure instrument action incline pitch pitcher watched struggle rails wheeled flowered upset spot works crocodile whilst slopes reflection blocked mats beginning cheek hilly upset robe dropping officer cheeks crocodile dot gym beginning peak smokes accordion stump instruments thin cream residential upset cone cheek trails print upset robe
3414734842_beb543f400.jpg,underwater car mini vehicles int medieval artist cone cheek pot whilst slopes reflection blocked mats beginning beginning morning steering intersection pitch stairway storm point morning skyscraper beginning pumpkin other splits beginning outcropping skyscraper monument bend peak beginning pumpkin other carried residential practice tattoo chased rails pit beginning site handed pen
3416339125_0860d3d1eb.jpg,shirted main campfire mini upset intersection court milkshake bagpipe movie dusty coaster expression reflective bales trumpet hurdles hoop watched motion wheeled lacrosse kangaroo pigtails skiiers tattoo chased blocked rails wheeled flowered upset logo checked logo bleachers mats pitch players chased rails participates formation mats trumpet emerging submerged wheeled tackles dogs
3417672954_46b75dea8d.jpg,serious plates mats skinny for start bend trumpet and burning rescue batting claus peak midst midst shephard racquet pointy flowered footballers boa fuzzy bagpipe fuzzy falling cream helmet taken jagged treads buried leaf accordion stump stump hugs gathering hooping smokes pit flute obstacle oversized weather sized protest lifted tattoo chased
3421706363_a3e22a4908.jpg,putting clapping steering intersection cheeks agility angels framed oversized weather fallen weather bend chest built watched rink wheeled ramps tattoo chased rails pit cheek mats than spout cheeks medieval intersection tied costumes reflective outcropping hooping stump instruments army squirts catcher instruments footballer logo checked sleeve hooping electric sized calm slopes
3422458549_f3f3878dbf.jpg,boxer plush security portrait agility enclosure trumpet and parallel straw flapping weather interact pigtails fuzzy outcropping garbage goat ribbon logo checked logo checked logo bleachers instrument pieces racket bow peak framed top dish bark crocodile whilst slopes reflection blocked mats beginning cheek hilly kicked jogs snowsuit saber be victory logo
3423249426_02bedf9260.jpg,walking puffy casual weather playhouse dot gym beginning cheek beginning cheek beginning armenian sleeve beak meal wheeled lacrosse kangaroo storm steering lacrosse kangaroo ribbon logo sleeve tinkerbell sleeve stoop claus weather drain dog serious digital outcropping skyscraper far upset gym beginning pumpkin other carried residential upset cone cheek trails print
3424927725_c4d1fcfac3.jpg,mouths leashes genocide snowsuit speedo its calm calm liquid rusty sacks ponytail pigtails skiiers glove bee sprints garbage travels drain sprints cone cheek pieces blocked hilly spout steering lacrosse claus footballer logo checked logo checked logo bleachers arena blocked device sleeve tinkerbell emerging hilly upset overalls runway sling bales bales
3425061393_d093edb8da.jpg,splits hooping guitars arena cheek ready scenery retriever material reflective bales bales bales mobile accordion armenian snowsuit pads drummer kayaks claus flops padded jeeps descending for digital potato studio floats floats pig wig action tackled wakeboard chased blocked squirts sleeve hooping participates outcropping cats tattoo chased blocked parallel wheeled machines
3425573919_409d9e15b2.jpg,armenian transportation bumpy accordion armenian poodles reflective outcropping cats tattoo chased blocked rails wheeled flowered upset spot works crocodile whilst slopes reflection blocked mats beginning cheek beginning beginning vertical weather legged shaved day framed oversized weather jet miniature fallen weather bend peak bending sleeve stoop mats infant instructor patterned outcropping
3426144752_28d63615ca.jpg,dalmation british splits hooping peak beginning cheek descending tee residential upset icy residential studio batter batting stands wheeled legged expression terrain footballers security portrait struggle bouncy electric intersection pit saying carried kicked rescue tattoo chased rails pit beginning site handed bowling waiter ends fuzzy watched strapped leashes instruments pumpkin framed
3427233064_6af01bfc5c.jpg,nose confetti mats beginning cheek wheeled lacrosse kangaroo peak legged shaved day framed oversized weather jet miniature fallen intersection tattoo chased rails pit beginning site cheek wheeled lacrosse kilt hooping transportation site agility angels recently 8 products incline bouncy electric arts chest built struggle hula-hoops bib hooping electric blocked public
3427614912_b147d083b2.jpg,sporting 23 splits cheek wheeled sort spot works accordion stump instrument wheeled upset gym trumpet painted ends snowmobile residential written sized splits expression genocide upset unusual gown mean descending cheerleader stretching sleeve products incline pigtails marker overlook sleeve hooping participates trumpet framed cream calm recently slopes dot firing inline necklaces
3429351964_531de1bf16.jpg,splits electric intersection cheeks firetruck event works accordion hooping stump link tossed racquet obstacle oversized weather sized protest pigtails upset device sleeve tinkerbell sidelines pieces sleeves stoop overhang bales bales mats trumpet hurdles hoop wheel ponytail skiiers tattoo chased rails beginning snowbank beginning surfboarder bales beginning beginning beginning beginning beginning
3429465163_fb8ac7ce7f.jpg,boxer snowsuit spot works stump stump stump hugs gathering hooping goat instruments goat stump agility enclosure instrument wheeled upset gym trumpet dusty hilly upset court travels hugs tattoo chased rails pit beginning site butter angels angels dune beret opens fountains fountains tunnel fountains fountains flock everywhere rag poles jungle collars
3430100177_5864bf1e73.jpg,shephard fireplace weather drain fellow opposite footballer logo checked logo bleachers beak rowboat beak meal wheeled machines easter pig violin flops plates saddle saddle incline incline tumbling log reflective angels angels trails guitars pigtails cheek ) ) pig pigtails hugs flowered instructor storm steering intersection cheeks agility enclosure instrument instrument
3430526230_234b3550f6.jpg,same weather rowboat beak rowboat beak rowboat beak rowboat beak rowboat beak rowboat beak rowboat beak rowboat beak meal hooping guitars saber tattoo chased rails pit beginning site butter angels angels dune beret opens itself countryside fountains fountains fountains rag rag rag poles jungle collars bedroom fountains fountains fountains rag
3430779304_43a2146f4b.jpg,bottles hooping instrument instrument arcade dinner snowsuit reflective watery upset spot armenian poodles reflective outcropping world tattoo chased blocked mats beginning cheek wheeled lacrosse kangaroo pigtails skiiers tattoo chased squirted really tinkerbell tossed tape touches steering podium armenian sleeve mats electric intersection tattoo chased rails pit beginning site butter angels
3430782104_34da558eba.jpg,peaks guns checked ) ) numbers reflective stoop bales mats infant shephard racquet lane snowsuit spot works overhang beginning hilly kicked jogs claus weather checks runway tattoo chased silly firetruck participates bee sprints peak college pig skiiers tattoo chased rails pit reflective angels single outcropping bears site agility enclosure trumpet
3431671749_e8e3a449ac.jpg,movie instrument instrument instrument arcade dinner lot padded enclosed jackson padded plates forehead outstreached skiiers tattoo chased rails pit reflective trumpet bales bales bales dried sucking sucking caution relaxing gallery fountains fountains van bounding midst make-up cage bedroom bedroom heels heels sweaters tunnel coaster fountains tunnel tips kisses collars fountains
3435653630_3b6cca2c40.jpg,lay boa storm cheek whilst slopes money furniture spot works crocodile whilst slopes reflection ridden spot pieces blocked community peak drain hawaiian used cream drain beginning hilly upset upset gym beginning claus sleeveless followed bales sails drain beginning beginning beginning peak beginning vertical weather beginning hilly kicked jogs claus weather
3440724965_03d6ca5399.jpg,dalmation hooping cheek beginning cheek descending cone stump link tossed piece snowbank 23 agility angels framed oversized weather jet miniature fallen weather bend peak spider-man calm calm calm plush claus york york claus lining site wheeler tattoo chased rails pit reflective angels recently visible logo checked logo checked logo bleachers
3441701164_6dbbdf1bce.jpg,handed amusement fireplace stump pot cups style 23 splits electric intersection pitch gallery sleeve dot outcropping overcoat steering digital pen bend trumpet tied whilst slopes fist tied bottoms recently sail hawaiian chairlift flute armenian rag bend retriever blocked medieval vertical weather drain ) ) tumbling ) ) tumbling plank numbers
3445428367_25bafffe75.jpg,weather batting dot seashore chest site site site agility enclosure descending animal dot intersection cheeks crocodile dot gym beginning peak beginning pumpkin other carried residential upset cone cheek trails print bridal kilt tumbling obstacle oversized weather sized footballer logo checked logo checked logo bleachers arena blocked device sleeve tinkerbell emerging
3446762868_06e9d9d899.jpg,mouths obstacle oversized weather brother cheek jagged stoop flaps tattoo chased silly firetruck participates bee sprints peak college tattoo chased rails pit cheek ) miniature flowered security chinese 23 leashes life juggling ends patterned outcropping overcoat bleachers instrument wheeled upset pigtails skiiers tattoo chased blocked rails wheeled flowered upset logo
3447155358_5b5b59b15e.jpg,pen hooping guitars arena peak cheek saber hooping electric intersection pitch gallery wheeled football speedo hoop works accordion hooping instrument instrument instruments wheeled flowered upset arena handed bowling bowling upset bagpipe movie dusty gym bib brother cheek jagged jagged jagged stoop claus tinkerbell attack outcropping flannel cartwheel bouncy intersection pitch
3455419642_894d03f153.jpg,alley sized guide genocide upset steering intersection hooping stump link tossed pop enclosure overhang cheek saber pads bagpipe bungee skinny tied 8 plant stretching genocide upset unusual like bend accordion armenian snowsuit pads drummer kayaks claus flops padded frames gymnasium pads drummer kicked rescue claus peak cheek wheeled upset gym
3455757720_7aeba57056.jpg,same weather kiddie drag stoop incline beginning beginning vertical weather legged kicked harnessed stoop hilly upset cone really weather jet miniature fallen weather bend accordion pigtails kicked rescue claus tinkerbell plates bend trumpet lush hilly armenian sleeve beak meal wheeled lacrosse kangaroo pigtails skiiers tattoo chased rails beginning snowbank sleeve
345684566_235e8dfcc1.jpg,mouths apron puck beak rowboat beak rowboat beak rowboat beak rowboat beak meal hooping guitars saber tattoo chased rails pit cone emerging trunk ) saddle packed pen watermelon balance tips same fountains fountains fountains fountains fountains fountains devil dalmation dribbles soaking fountains fountains fountains fountains fountains fountains fountains fountains fountains
3457572788_e1fe4f6480.jpg,bottles weather block cheek obstacle tattoo chased rails pit beginning site cheek bouncy outcropping world enclosure pit cheek stops just expression genocide upset unusual like bundled splits incline beginning cheek portrait legged outcropping framed aqua upset gym beginning round expression terrain wheeled reddish that clapping products tattoo tied costumes reflective
3461110860_37ef15af8e.jpg,crouching hooping guitars arena cheek ready scenery retriever material reflective bales bales bales incline pitch cats armenian footballer logo checked stoop bottoms active weather drain fellow bales vehicles int crosswalk stump stump link clowns ten faces festival snowsuit reflective angels angels mostly pierced ten clapping residential studio participates gymnasium hooping
3463034205_e541313038.jpg,movie unusual serious chairlift bending mats pitch accordion stump stump hugs gathering hooping smokes pit flute obstacle oversized weather sized protest lifted tattoo chased rails pit beginning site handed bowling waiter ends fuzzy watched strapped leashes instruments pumpkin framed just rescue thumbs glove logo checked logo checked logo bleachers instrument
3464871350_3f2d624a9c.jpg,crouching hooping guitars arena cheek obstacle tattoo chased rails pit beginning site butter angels site upside lion kangaroo ribbon blocked dune pine marsh skies test dinner snowsuit be self blow-up benches watermelon countryside bare bark fountains fountains tunnel stools pretending watermelon collars reaches chews fountains fountains fountains fountains tunnel stools
3465000218_c94e54e208.jpg,finish fight sleeve hooping stump instruments pieces blocked community peak flute other blocked ramps bleachers leashes instruments pumpkin lacrosse reddish cream seashore chest community sleeve beak cop pretending medieval skating claus shaved lacrosse claus studio followed bales instrument wheeled upset gym beginning dusty gym beginning cheek cone cheek trails print
3468346269_9d162aacfe.jpg,walking puffy casual weather playhouse dot gym beginning cheek beginning cheek beginning armenian sleeve beak meal wheeled lacrosse kangaroo storm steering lacrosse kangaroo ribbon logo sleeve tinkerbell sleeve stoop claus weather drain dog serious digital outcropping skyscraper far upset gym beginning pumpkin other carried residential upset cone cheek trails print
3470008804_0ca36a7a09.jpg,batting instrument instrument arcade dinner site accordion stump stump hugs gathering hooping smokes pit flute obstacle oversized weather attack bend peak beginning outcropping world tattoo chased blocked rails wheeled flowered upset spot works crocodile whilst slopes reflection blocked mats beginning cheek beginning hilly kicked jogs snowsuit pieces blocked community peak
3472270112_0a7cb7b27c.jpg,movie instrument sister instruments pumpkin framed oversized weather sized guide emerging leashes oversized claus tinkerbell tinkerbell grins sized splits grins puck participates sprints piece cartwheel flute obstacle airport boa saying punches outcropping travels drain shephard kangaroo ribbon formation airport bagpipe sale pig violin instruments footballer logo checked logo bleachers arena
3473534758_1ae3847781.jpg,waiter grins checked logo checked logo checked logo bleachers mats pitch electric intersection framed aqua upset gym beginning outcropping bagpipes tattoo chased rails pit beginning site butter angels participates bee sprints ' war picture tips listens rocket rag tips eats eats begging begging chews fountains headfirst fountains fountains fountains stools
3474265683_43b1033d94.jpg,start athletic plates test ) ) numbers obstacles arena peak beginning pumpkin top skyline sprints built cats hugs tarp participates sprints stares ribbon blocked dune misty thick large lower weather sister grins sized guide plush whistle song sale island strapped pig violin sprints built cats tattoo chased blocked rails wheeled
3474406285_01f3d24b71.jpg,pirate site site site agility enclosure cheeks firetruck hugs tattoo tied no conversation arena office test machines garb electric sized caps tricycle expression reflective bales bales bales instrument pitch electric intersection framed aqua upset cone cheek soaring enclosed tinkerbell kicked shephard racquet watched autumn cheerleader clapping logo checked logo checked
3474985112_24ef46e82d.jpg,setting york site agility enclosure instrument action tackled wakeboard shephard blocked dune drain framed cream residential upset cone cheek wheeled lacrosse portrait struggle bouncy pig medieval skating pasture framed artist instrument instrument amidst intersection guarding stepping summer upset gym bib brother be outcropping flannel cartwheel pigtails recently 8 logo checked
347543966_b2053ae78c.jpg,shephard fireplace genocide studio trunks armenian fellow accordion armenian footballer logo checked logo bleachers arena blocked device sleeve tinkerbell emerging hilly upset overalls runway sling bales bales bales stump trumpet painted and snowbank crossed dusty outcropping splits hooping peak beginning pumpkin top drain outstretched reddish to examine leashes pigtails recently
3476451861_5b9c9ce191.jpg,peaks beak rowboat beak rowboat beak rowboat beak rowboat beak meal hooping guitars saber tattoo chased rails pit cone emerging trunk ) saddle packed pen watermelon balance tips same fountains fountains fountains fountains fountains fountains devil dalmation dribbles soaking fountains fountains fountains fountains fountains fountains fountains fountains fountains fountains fountains
3477315700_52a4d740a5.jpg,splits shephard weather motorcycles drain shephard pitcher heart expression reflective bales bales bales instrument pitch electric intersection framed aqua upset cone cheek soaring goat snowsuit really words confetti ends legged jet miniature flowered upset spot works accordion stump pot wheeled weather sized foot feathers reflective bales trumpet flip snowsuit reflective
3477778668_81ff0a68e0.jpg,armenian sleeve eyed plates incline cheek ) for indoor sleeve kayaks reflective outcropping bagpipes tattoo chased rails pit reflective angels recently outcropping long-haired jet artist messy outcropping framed cream residential ollie snowsuit balloon claus upset his carried beak containing speaking sleeve hooping sleeve angels straight ends legged spout drain just
3478084305_9e1219c3b6.jpg,weather frog upside-down dinner main campfire heart blocked beginning hilly outcropping photographers print footballer pigtails tumbling obstacle oversized claus tinkerbell plates bend lush perched kangaroo retriever material reflective bales bales bales beginning beginning beginning beginning beginning peak beginning cheek descending american residential intersection cheeks splits dot intersection tattoo chased rails
3480051754_18e5802558.jpg,track airport storm cheek trails bending mats trumpet drain framed balls gymnastics flowered flowered beginning vertical weather legged weather jet miniature fallen weather easter forehead grins kicked rescue claus headdress participates bee sprints claus used head pieces splits expression reflective outcropping hooping stump instruments army oversized weather ponytail skiiers tattoo
3480126681_52cea26bda.jpg,alley sized progress cheeks splits hooping peak mats trumpet whilst slopes bagpipe pitch pitcher firetruck hugs flowered instructor storm steering boston calm bend chest bow goat stump pot racquet hula-hoops plush island strapped easter claus headdress participates bee sprints claus used head pieces splits expression reflective angels bales instrument pitch
3482237861_605b4f0fd9.jpg,bend sized shiny ponytail clapping cheek saber pads bagpipe bungee skinny tied 8 boa expression genocide expression terrain wheeled lacrosse kangaroo bleachers bagpipe sling agility enclosure emerging leashes closed mats infant instructor storm shephard racquet zip weather pumpkin just rescue bib hooping just guide words bend lush outcropping cats tattoo
3484625231_5b1a1a07b8.jpg,pirate genocide hotel sleeveless ends amid miniature potato residential ollie residential studio participates splits accordion armenian footballer logo checked logo checked logo bleachers arena blocked device sleeve tinkerbell emerging hilly upset overalls runway sling bales bales bales stump trumpet painted and snowbank crossed dusty outcropping splits hooping peak beginning pumpkin
3484842724_ef1124c87a.jpg,below cheerleader york site site site agility enclosure cheeks firetruck hugs tattoo tied no conversation arena office test machines garb electric sized caps tricycle expression reflective bales bales bales instrument pitch electric intersection framed aqua upset cone cheek soaring enclosed tinkerbell kicked shephard racquet watched autumn cheerleader clapping logo checked
3486324591_9f5eeb24b9.jpg,cameraman hooping peak mats trumpet hotel ramps leashes steering digital sleeve ponytail apron passengers cheek jagged medieval kangaroo peak framed top post pads pigtails recently volleyball plush saber tattoo chased rails pit beginning site butter angels angels straight summer than pen emerging butter streaks bales bales bales boards tunnel tunnel
3486831913_2b9390ebbc.jpg,bend sized action shephard weather stoop incline blocked mats beginning cheek wheeled lacrosse kangaroo pigtails skiiers tattoo chased squirted really tinkerbell tossed tape touches steering podium armenian sleeve mats electric intersection tattoo chased rails pit beginning site butter angels site upside lion plush jeeps pieces blocked dune pine marsh festive
3489774350_a94e6c7bfc.jpg,alley wheeled pug tackle accordion stump ridden hooping stump instruments army weather material lane pigtails recently 8 products incline bouncy intersection pitch gallery sleeve dot outcropping overcoat steering intersection drain splits hooping stump instruments goat stump obstacle oversized weather sized protest lifted milkshake participates arts portrait spins peak college boston
3492734013_e6b177ed99.jpg,lay boa storm cheek whilst slopes money straight amid refrigerator tattoo chased rails pit beginning site butter angels site upside lion plush jeeps pieces trumpet sleeved packed seal boston yawning gallery tricycle ninja plushie soaking bare balance waiter union towel plushie yawning hall tub change seal boston yawning derby purses
3493479159_609ebe1b35.jpg,peaks guns checked ) ) numbers reflective stoop bales mats infant shephard racquet lane snowsuit spot works overhang beginning hilly kicked jogs claus weather checks runway tattoo chased silly firetruck participates bee sprints peak college pig skiiers tattoo chased rails pit reflective angels single outcropping bears site agility enclosure trumpet
3496028495_431cfdc042.jpg,weather genocide mats trumpet pack drain ready rescue thumbs outstretched country upset spot bear infant instructor hilly upset goat gym trumpet just rescue bib beginning hilly expression kicked armenian sleeve beak meal racquet zip potato enclosed individual racquet watched autumn cheerleader clapping logo checked logo checked logo stoop instrument pieces
3497234632_6ec740fc1e.jpg,shephard fireplace weather drain fellow opposite footballer logo checked sleeve stoop beak suit rowboat beak suit pulled products hilly upset cone cheek victory kicked shephard racquet watched autumn beginning pumpkin framed oversized weather easter forehead grins kicked rescue claus headdress participates bee sprints claus used head pieces splits expression reflective
3497502407_ec566442c9.jpg,trick shephard weather interact pigtails life lining beginning pumpkin leading vertical other clapping eagle clapping logo stoop mats beginning beginning vertical weather legged kicked harnessed stoop incline padded clapping pigtails skiiers tattoo chased rails pit reflective angels cartwheel bouncy outcropping piano bouncy intersection bagpipe hugs college words devil sewing tinkerbell
3503471307_464a8f588c.jpg,splits hooping guitars arena cheek ready scenery retriever material reflective bales bales bales mobile accordion armenian snowsuit pads drummer kayaks claus flops padded jeeps descending for digital potato studio floats floats pig wig action tackled wakeboard chased blocked squirts sleeve hooping participates outcropping cats tattoo chased blocked parallel wheeled machines
350443876_c9769f5734.jpg,splits shephard weather motorcycles drain shephard pitcher expression reflective angels bone beginning post ponytail saber pads drummer kicked windsurfer logo checked logo checked logo bleachers arena office pieces padded socks trumpet dusty hilly tattoo chased rails pit cheek mats than spout cheeks medieval intersection tied costumes reflective outcropping cats tattoo
3506468593_7e41a6d9f1.jpg,'s upset genocide studio attire cheeks material rusty enclosed progress instruments checked for digital volleyball hoop watched tattoo chased rails pit cheek ) miniature flowered security chinese 23 leashes life juggling ends patterned outcropping overcoat bleachers instrument wheeled upset pigtails skiiers tattoo chased blocked rails wheeled flowered upset logo checked
3507076266_8b17993fbb.jpg,younger sized guitars flowered native public york blocks firetruck kicked armenian snowsuit spot works overhang beginning hilly upset gym beginning beginning beginning vertical weather legged kicked harnessed stoop incline padded clapping pigtails skiiers tattoo chased rails pit reflective angels cartwheel bouncy outcropping piano bouncy intersection bagpipe hugs college words devil
3518126579_e70e0cbb2b.jpg,bend print apron cellphones crocodile wheeled pug tackle accordion stump ridden hooping stump instruments army weather material lane pigtails recently 8 products incline bouncy intersection pitch gallery sleeve dot outcropping overcoat steering intersection drain splits hooping stump instruments goat stump obstacle oversized weather sized protest lifted milkshake participates arts portrait
351876121_c7c0221928.jpg,batting practice walls chest site site agility enclosure instrument action incline progress cheek wheeled sort handlebars spot pieces blocked medieval hilly spout drain oversized claus claus messy claus rink wheeled reddish that clapping kayaks reflective outcropping cats tattoo chased blocked mats beginning cheek beginning morning steering intersection tattoo chased silly
3520617304_e53d37f0af.jpg,stump hooping guitars arena peak cheek top chased bales residential angels instrument framed artist ramps lacrosse lacrosse reddish suspended test site cheek wheeled necklaces angels straight for papers tattoo chased rails pit beginning site handed bowling bowling upset gym beginning hilly upset gym beginning beginning bales than batting trumpet painted
3522000960_47415c3890.jpg,cream cream residential jackson cheeks jackson cheeks firetruck photographed boards expression reflective angels bone beak casual hilly upset cone cheeks seashore sleeve hooping peak beginning pumpkin other carried residential upset cone cheek hilly upset goat hooping stump link cream goat stump pot infant instructor storm shephard tossed for built test
3526150930_580908dab6.jpg,shirted footballers zip weather intersection cheek dot hilly upset chin basketball pig canoes plush tattoo chased silly firetruck participates bee sprints peak college tattoo chased rails pit cheek ) miniature flowered balls wheeled flowered upset logo checked logo bleachers mats pitch gallery wheeled football portrait clothed tiger expression lifted tattoo
3530843182_35af2c821c.jpg,crouching hooping guitars arena cheek obstacle tattoo chased rails pit beginning site butter angels site upside lion kangaroo flaps lens skiiers alley checked parasail sailing twisting twisting pretending tunnel museum digs snowboarders barren caution fountains fountains fountains fountains fountains fountains fountains stars tunnel tips dolphin pretending drops tricycle flock chalk
353180303_6a24179c50.jpg,saber hooping instrument intersection hooping guitars pigtails skiiers arena peak cheek kicked attack intersection cats tattoo chased squirted really tinkerbell tossed tape touches steering asphalt driveway ribbon blocked mats beginning cheek cone emerging legged jet intersection dragon and dive leashes pigtails marker come oversized claus tinkerbell tinkerbell pigtails skiiers tattoo
3531811969_49af4c22f0.jpg,movie asphalt footballers speedo hoop watched residential tattoo chased rails pit beginning site handed bowling flowered upset spot works accordion stump arena handed bowling aged beginning test overlook checked sleeve stoop print reflective outcropping butt mats infant instructor patterned outcropping flannel cartwheel storm checked medieval puck arena peak beginning pumpkin
3532194771_07faf20d76.jpg,mouths agility enclosure instrument instrument arcade dinner lot padded clapping steering intersection hooping instrument instruments wheeled flowered upset gym beginning dusty gym beginning cheek cone emerging legged hilly upset gym bib brother be outcropping flannel cartwheel pigtails recently 8 logo checked logo checked logo checked logo bleachers instrument pieces racket
3532761259_14026c1e96.jpg,pen hooping guitars arena cheek overhead clapping residential sleds bleachers end emerging leashes framed tinkerbell skinny feeding upset amusement studio pumpkin fake reddish sleeps spot bleachers bend leashes meal cheek trails bending mats beginning beginning morning steering intersection pitch stairway storm point morning skeleton ramps perched crossed framed skyscraper intersection
3532782283_341f0381a3.jpg,younger sized guitars arena lane hilly upset cone really upset spot armenian footballer logo checked logo checked logo bleachers arena office pieces padded socks trumpet dusty hilly tattoo chased rails pit beginning hilly outcropping shephard weather tarp portrait grins ribbon attack outcropping flannel cartwheel fuzzy outcropping garbage goat ribbon blocked
3533394378_1513ec90db.jpg,handed puffy puffy watery weather interact bent genocide stoop expression genocide plank hooping sleeve angels reflective angels bone beginning post ponytail saber pads bagpipe bungee skinny change clapping logo checked logo checked logo bleachers mats pitch players chased rails participates formation mats trumpet just words victory bread shoe tire boards
3534183988_3763593dfb.jpg,batting distance skiiers arena peak cheek accordion class hooping electric intersection pitch indoors incline cheek action tackled pinata armenian festive shephard beverage claus tinkerbell snowsuit its progress pitch hugs used cream drain male beginning hilly upset gym beginning shephard racquet watched autumn cheerleader clapping logo checked logo checked logo bleachers
3535664885_c848c0faee.jpg,armenian footballer logo bridal sleeve beak cop reflective watery seagull framed oversized weather sleeve angels straight ends legged spout drain just rescue thumbs mats instrument framed cream residential upset cone cheek trails print upset goat stump pot wheeled floppy deflated outcropping cats tattoo chased silly firetruck print firetruck bounces snowsuit
3539767254_c598b8e6c7.jpg,weather sunny transportation patterned playhouse lot cheek hilly kicked grabbing one tossed jackson racket shephard weather saddle saddle flute armenian rag snowsuit saber pads bagpipe hugs flowered flowered instructor storm shephard racquet kicked shirted cream residential expression terrain instrument wheeled upset gym beginning round expression wheeled reddish that clapping products
3544312930_3a0b8d70c1.jpg,follow explosion unusual for digital potato built struggle bouncy electric intersection tongue cap bunny foam intersection pitch gallery sleeve dot outcropping wheeled upset gym beginning shephard racquet watched attack legged kicked casts uniformed bagpipe sling pop enclosure saying upset gym beginning hilly upset gym beginning beginning bales than batting trumpet
354642192_3b7666a2dd.jpg,bottles weather beginning cheek beginning armenian sleeve beak meal wheeled lacrosse kangaroo storm steering lacrosse kangaroo pitch framed aqua upset court pit armenian snowsuit spot works stump stump instruments infant instructor storm checked space sunset genocide armenian beak ribbon blocked mats beginning outcropping accordion armenian footballer logo checked logo checked
3547499166_67fb4af4ea.jpg,singer weather scenery shephard tossed for built test built struggle leashes strollers runway sling beginning beaded country piece snowbank flops upset bus dot bay oversized claus tinkerbell rink wheeled reddish that clapping products tattoo tied morning pointy jack unusual pigtails skiiers tattoo chased rails pit reflective angels cartwheel bouncy outcropping
3547600292_6f8aac7f2e.jpg,intersection hooping stump instruments goat stump agility enclosure instrument wheeled upset gym trumpet dusty hilly upset goat snowsuit spot works stump stump instruments thin cream residential upset cone cheek hilly upset goat snowsuit reflective outcropping hooping stump instruments goat stump agility enclosure instrument wheeled upset gym trumpet dusty hilly upset
3556571710_19cee6f5bd.jpg,track hooping dinner intersection hooping guitars arena peak cheek saber hooping transportation transportation site agility enclosure pit drain oversized claus upset court saber pads bagpipe sling butter upset robe dropping officer cheeks stump link weather waterfall life cap mini upset cone cheek trails print upset gym beginning pumpkin leading vertical
3559374748_f18c7caa55.jpg,bend sized caps tricycle expression genocide airport bagpipe sling butter mostly jeans instruments eagle agility enclosure instrument action tackled pinata armenian sling sprints claus used are insect suspenders chased rails turns itself pig lion plush electric sized splits expression kicked rescue traveling butter upset robe dropping officer stump tattoo chased
3559781965_d4ec00e506.jpg,intersection hooping stump instruments goat stump agility enclosure instrument wheeled upset gym trumpet dusty hilly upset goat snowsuit reflective outcropping hooping stump instruments goat stump agility enclosure instrument wheeled upset gym trumpet dusty hilly upset goat snowsuit reflective outcropping hooping stump instruments goat stump wheeled pug tackle alley tattoo chased
3560081723_62da0035bd.jpg,weather frog upside-down dinner main campfire heart blocked beginning hilly outcropping photographers print footballer pigtails tumbling obstacle oversized claus tinkerbell plates bend lush perched kangaroo retriever material reflective bales bales bales beginning beginning beginning beginning beginning peak beginning cheek descending american residential intersection cheeks splits dot intersection tattoo chased rails
356143774_ef3e93eede.jpg,mouths shephard heart expression genocide mats hoop watched tattoo chased rails pit beginning site handed pen participates bee sprints peak college ponytail asking flowered flowered instructor portrait shephard drummer kicked rescue claus headdress upset bagpipes tattoo chased blocked rails wheeled flowered upset logo checked logo bleachers arena blocked device sleeve
3562169000_6aa7f1043d.jpg,younger sized guitars arena lane hilly upset cone really upset spot armenian footballer logo checked logo checked logo bleachers arena office pieces padded socks trumpet dusty hilly tattoo chased rails pit beginning hilly outcropping shephard weather tarp portrait grins ribbon attack outcropping flannel cartwheel fuzzy outcropping garbage goat ribbon blocked
3563668905_689ed479c5.jpg,walking puffy casual weather playhouse dot gym beginning cheek beginning cheek beginning armenian sleeve beak meal wheeled lacrosse kangaroo storm steering lacrosse kangaroo ribbon logo sleeve tinkerbell sleeve stoop claus weather drain dog serious digital outcropping skyscraper far upset gym beginning pumpkin other carried residential upset cone cheek trails print
3563673070_71fa0903ed.jpg,third overhang angels pitch stairway storm flipped coaster beginning pumpkin other carried residential upset cone cheek trails print bridal kilt tumbling obstacle oversized weather sized footballer logo checked logo checked logo bleachers arena blocked device sleeve tinkerbell emerging hilly tinkerbell tinkerbell active sleeve tips upset cone patches steering podium armenian
3572267708_9d8a81d4a4.jpg,crouching hooping guitars arena cheek obstacle tattoo chased rails pit beginning site butter angels site upside lion kangaroo ribbon blocked dune pine marsh skies playhouse lion burning country wades eats eats eats begging walls wades wrestle bagpipe sized screaming cheeks pointy flowered husky flaps through opposite official 23 agility angels
3572346664_e1e6c77f11.jpg,mouths sized electric footballer logo checked logo checked logo bleachers mats pitch electric intersection framed aqua upset gym beginning outcropping bagpipes tattoo chased rails pit beginning morning hilly kicked jogs snowsuit saber be victory kicked rescue bib roll mini built beginning tackle participates outcropping accordion armenian footballer logo checked logo
3578477508_b7d839da16.jpg,splits hooping guitars arena cheek ready scenery medieval shephard bush bull rails pit cones blocked mats butter tips tape darkened balance marker collars collars collars collars collars collars collars soaring keeps well plush hoop between martial church cleaning onto 5 slopes played bagpipe york blocks parka leashes shephard racquet agility
3584406900_039f30b34c.jpg,upset york trophy heart armenian accordion armenian poodles reflective outcropping accordion armenian footballer logo checked logo bleachers arena blocked device sleeve tinkerbell emerging hilly upset overalls runway sling bales bales bales stump trumpet painted and snowbank crossed dusty outcropping splits hooping peak beginning pumpkin top drain outstretched reddish to examine
3585487286_ef9a8d4c56.jpg,bottles weather beginning cheek beginning armenian sleeve beak meal wheeled lacrosse kangaroo storm steering lacrosse kangaroo pitch framed aqua upset court pit armenian snowsuit spot works stump stump instruments infant instructor storm checked space sunset genocide armenian beak ribbon blocked mats beginning outcropping accordion armenian footballer logo checked logo checked
3590654365_fd4819f48b.jpg,crouching hooping guitars arena cheek obstacle tattoo chased rails pit beginning site butter angels site upside lion kangaroo ribbon attack outcropping flannel cartwheel fuzzy outcropping descending tee thin residential upset gym beginning post test site cheek wheeled necklaces upset unusual ponytail clapping chopsticks logo checked logo bleachers instrument instruments flags
359082432_c1fd5aa2d6.jpg,street amusement bookstore link splits saddle obstacle oversized weather head pads outcropping flannel cartwheel plaza tumbling obstacle tattoo chased rails pit beginning site butter angels angels broken attack airport racket mats pitch cats tattoo chased refrigerator dalmation dalmation darkened rope reflective sucking collars headfirst collars headfirst headfirst headfirst headfirst markings
3591458156_f1a9a33918.jpg,shirted weather bend chest built steering pulley guitarist instruments island site trumpet hilly upset trunks racket bow lot padded socks trumpet tied floaties really piece cartwheel wheeled upset gym bib beginning descending tee sleeve pigtails skiiers tattoo chased pieces blocked community reflective reflective intersection hooping stump instruments army weather material
3591462960_86045906bd.jpg,mean guitars crown pit scenery cheek whilst slopes bagpipe pitch pitcher firetruck hugs flowered instructor pumpkin lacrosse reddish suspended sized mostly jet tattoo chased rails plank song trumpet pieces blocked roadway flute other blocked ramps bleachers leashes instruments pumpkin lacrosse reddish cream seashore chest community sleeve beak cop pretending medieval
3595412126_4020d4643b.jpg,bee chest community peak college pig skiiers tattoo chased rails pit cone emerging marsh posts swimmers tongues twisting twisting war noses tunnel off-road tunnel owner jungle collars headfirst collars reaches chews taken taken chews taken chews taken wrestlers plush teddy upset unusual cap bunny parka 8 products incline pigtails crocodile
3603064161_a8f3b6455d.jpg,movie instrument instrument arcade footballers playhouse area hooping instruments goat stump obstacle 8 goat boa checked snowsuit be int participates outcropping flannel cartwheel ribbon checked medieval slopes handed bowling upset foliage framed cords dot public chairlift clapping checked stoop overhang accordion armenian footballer logo checked logo bleachers arena blocked device
3603116579_4a28a932e2.jpg,splits hotel sleeveless ends legged studio cones cheek ) pig accordion armenian snowsuit spot works stump stump stump hugs gathering hooping smokes pit flute obstacle oversized weather thin residential upset spot works accordion stump arena handed bowling aged beginning test overlook checked sleeve stoop print reflective outcropping splits electric intersection
3604391853_b4809fcb8c.jpg,younger sized caps snowsuit its progress logo checked sleeve stoop print reflective pumpkin itself beginning descending cone emerging leashes pigtails recently perched spot framed jagged walls pointy flowered upset spot works crocodile whilst slopes fist tied bottoms recently framed cream puffy goalie participates arts gym wand monument snowsuit meal cone
3604928725_58147c87cd.jpg,bottles weather beginning site cheek wheeled lacrosse kangaroo pigtails skiiers tattoo chased rails beginning snowbank beginning surfboarder bales beginning beginning beginning beginning beginning beginning peak legged built struggle leashes int perched bend agility kicked harnessed cone emerging hilly tinkerbell tinkerbell active sleeve beak cop printed sleeveless packed concert tattoo chased
360723732_23199af4bf.jpg,batting instrument eastern intersection hooping stump link splits dot intersection cheek wheeled pug tackle accordion stump ridden hooping stump link splits end beginning outcropping world tattoo chased blocked rails pit beginning morning speedo bales beginning beginning morning piano bouncy intersection pitch gallery sleeve dot outcropping wheeled upset gym beginning shephard
3612485097_b706d950ed.jpg,playhouse seashore case gym beginning outcropping bagpipes tattoo chased blocked rails wheeled flowered upset spot works crocodile whilst slopes reflection blocked mats beginning cheek beginning hilly kicked jogs snowsuit pieces blocked community peak drain oversized upset spot bear infant instructor claus weather wheel ponytail bounces confetti pigtails recently perched logo
3613005134_bb7f304da1.jpg,crouching hooping guitars arena cheek obstacle tattoo chased rails pit beginning site butter angels site upside lion kangaroo flaps lens skiiers alley checked parasail hilly blurry sucking sucking collars collars collars collars collars soaring appear same appear streets ramps ramps headfirst interacting sledding church kitchen starring stars midst waiter same
3613705104_46d854134e.jpg,lay electric sized puffy sidelines followed bales instrument outstreached seagull kicked shephard racquet watched attack legged outcropping framed aqua upset gym beginning outcropping bagpipes tattoo chased rails pit beginning morning hilly kicked jogs snowsuit saber be victory kicked rescue bib roll mini built beginning tackle participates outcropping accordion armenian footballer
3616846215_d61881b60f.jpg,street site agility angels calm parallel serve bowling upset gym beginning beginning beginning vertical weather legged squatting wheeled reddish is plates test dinner intersection cheeks splits hooping peak beginning pumpkin other clapping peak beginning outcropping tattoo chased rails pit cone cheek flannel bagpipe sling pop flops cheers forehead guitarist framed
3619232550_0b1e1fd4e4.jpg,splits hooping guitars arena cheek obstacle tattoo chased rails pit formation pig flute photographed tails chased bales peak laptop upset unusual cap bunny flannel calm sidelines cookie print firetruck kicked windsurfer print confetti hooping top legged leashes wrapping stripe bend wheeled reddish a attempt struggle leashes meal bib hooping tattooed
3619630328_2d0865b6f4.jpg,younger electric intersection chased rails pit beginning site handed intersection cheeks agility enclosure instrument action tackled wakeboard chased blocked mostly mats ponytail instruments fuzzy tossed for built test overlook catcher spout gown trumpet tied ) recently shade bagpipe movie dusty coaster expression reflective outcropping hooping stump instruments goat stump wheeled
3628103548_2708abcda2.jpg,firetruck dot hilly upset armenian sleeve mats beak whilst slopes reflection ridden pointy flowered lacrosse pumpkin fallen weather bend squats beak whilst slopes reflection ridden pointy flowered lacrosse claus pigtails racket tricycle beginning outcropping tattoo chased rails pit reflective angels recently outcropping pug shepherd shephard weather jet miniature flowered digital
3630641436_8f9ac5b9b2.jpg,mouths footballer logo checked logo checked logo bleachers mats pitch electric intersection framed aqua upset gym beginning outcropping bagpipes tattoo chased rails pit beginning morning hilly kicked jogs snowsuit saber be victory kicked rescue bib roll mini built beginning tackle participates outcropping accordion armenian footballer logo checked logo checked logo
3631136463_53ff624b82.jpg,intersection hooping stump instruments twin medieval artist stump cheek wheeled lacrosse portrait struggle bouncy zip sleds intersection court participates arts gym beginning post ponytail saber pads drummer kayaks claus flops padded jeeps pieces splits pieces blocked hilly spout steering digital cream residential upset cone glove wheelie participates university steering firetruck
3636247381_65ccf8f106.jpg,trick muzzle hotel drag squirting cob beginning roadway followed bales instrument armenian sleeve mats beak whilst slopes reflection blocked mats beginning cheek beginning morning steering intersection tattoo chased rails pit beginning morning speedo bales beginning beginning morning piano bouncy electric intersection chased rails pit beginning hilly outcropping shephard weather drain
3636418958_f038130bb2.jpg,lay boa peak cheek wheeled lacrosse claus studio hooping trumpet leashes steering intersection drain splits hooping stump stump instruments skinny thumbs for help cheeks splits mini kayaks reflective angels angels framed cream puffy goalie pitcher built parka built watched int cheerleader participates arts gym wand monument snowsuit meal saber coaster
3637966641_1b108a35ba.jpg,younger electric intersection instrument instrument arcade dinner intersection cheeks goat stump pot infant instructor storm shephard tossed for built test site agility enclosure instrument action airport flute obstacle oversized weather ponytail skiiers tattoo chased rails beginning snowbank beginning surfboarder bales beginning beginning beginning beginning beginning vertical weather legged squatting wheeled
3638178504_be1ff246bd.jpg,follow intersection cheeks splits dot intersection cheeks firetruck event works accordion hooping stump link cream goat stump pot infant instructor storm shephard tossed for built test site accordion stump instrument infant lane test eastern tossed mats infant instructor storm shephard racquet zip weather bars stump tattoo chased rails pit cone
3638631362_af29bbff01.jpg,skiiers sleeve wheels york trophy heart blocked clapping peak calm outcropping flannel cartwheel participates firetruck incline cheek ) for indoor sleeve claus tinkerbell tinkerbell ponytail clapping enclosed residential upset gym beginning post test eastern juggles pigtails umbrella portrait shephard outcropping world enclosure tattoo chased rails pit cheek ) miniature flowered
3638783120_f600ceb19d.jpg,intersection hooping stump instruments twin medieval artist stump cheek wheeled lacrosse portrait struggle bouncy zip sleds intersection court participates arts gym beginning post ponytail saber pads drummer kayaks claus flops padded jeeps pieces splits pieces blocked hilly spout steering digital cream residential upset cone glove wheelie participates university steering firetruck
3638783842_af08dbb518.jpg,crouching hooping guitars arena cheek obstacle tattoo chased rails pit beginning site butter angels site upside lion kangaroo flaps lens skiiers alley checked parasail hilly blurry sucking sucking collars collars collars collars collars soaring appear same appear streets ramps ramps headfirst interacting sledding church kitchen starring stars midst waiter same
3640407952_bb38fb9d55.jpg,splits electric intersection cheeks firetruck event works accordion hooping stump link cream goat stump pot infant instructor storm shephard tossed for built test built struggle leashes wheeled pug tackle alley tattoo chased rails beginning snowbank beginning post test built struggle streaks perched crossed framed just pulled mats bull sling bounding
3640417354_b0b3e4aec9.jpg,follow stall sidelines footballers angels chest framed branches sized guide digital upraised reflective angels bone beginning post pigtails marker site site site returns overlook lining pattern including including skiiers outstreached travels saddle sail saddle saddle harness break amid stools jungle collars gate bedroom fountains fountains rag tunnel rag tunnel interacting
3642220260_3aa8a52670.jpg,mouths leashes framed tinkerbell skinny electric intersection pads bend peak chest agility enclosure instrument wheeled upset gym trumpet dusty hilly upset goat snowsuit spot works stump stump instruments thin cream residential studio pumpkin fake reddish sleeps spot bleachers instrument arena blocked rails far flops fist tied bottoms porch jeans mini
3648988742_888a16f600.jpg,flapping weather wheeler tattoo chased rails pit cone cheek flannel bagpipe sling pop flops beak rowboat beak rowboat beak meal cheek electric intersection pitch gallery wheeled football footballer logo checked logo checked logo bleachers mats pitch electric intersection cookie bleachers instrument wheeled weather drain fellow instrument wheeled upset unusual itself
3650111717_346804ec2f.jpg,mouths site agility enclosure instrument action incline pitch pitcher runway tinkerbell mats pitch pitcher watched struggle hula-hoops bib hooping electric peak cheek mats infant instructor claus used ice upset gym reflective bales bales bales incline pitch cats armenian footballer logo checked logo checked logo bleachers mats pitch electric intersection framed
3656225270_cdf89e3240.jpg,bend sized mostly digital sleeve angels rusty telescope armenian poodles reflective outcropping skyscraper piano bouncy electric intersection followed bales instrument framed oversized weather sized guide emerging leashes oversized claus tinkerbell tinkerbell grins sized calm portrait portrait portrait portrait portrait portrait bagpipes sleeve hooping violin suit ridden claus tinkerbell progress used
365759754_6cf7068c9a.jpg,splits hotel drag runway tattoo chased rails pit cheek ) miniature flowered security chinese 23 leashes life juggling ends patterned outcropping overcoat bleachers instrument wheeled upset pigtails skiiers tattoo chased blocked rails wheeled flowered upset logo checked logo bleachers mats pitch players chased rails participates formation mats trumpet emerging butter
3660361818_e05367693f.jpg,splits hotel drag runway tattoo chased rails pit beginning site butter angels site upside lion plush jeeps framed ran bales bales cats visible bungee skiiers stump tunnel carts pretending tunnel party tunnel tips screams tunnel waiter dangling tunnel rocks tunnel fountains tunnel tips tongue tongue nighttime paintings fountains fountains fountains
3667404919_b273df57e4.jpg,same weather rowboat beak rowboat beak rowboat beak rowboat beak rowboat beak rowboat beak rowboat beak rowboat beak meal hooping guitars saber tattoo chased squirted steering built struggle struggle bouncy pig wig joy feathered butter instrument floats weather scenery top chased bales peak beginning cheek beginning morning steering intersection tattoo
3667908724_65c7d112f2.jpg,batting waist site site site agility enclosure cheeks firetruck hugs tattoo tied security portrait struggle instructor plank college tattoo tied striking upset marble batting framed oversized claus ridding electric claus studio floats squirts products hilly upset gym trumpet kicked jogs claus used cream drain tiny climbing chairlift clapping peak public
3668259129_e073af1533.jpg,follow explosion unusual for digital potato built struggle bouncy electric intersection tongue cap bunny foam intersection pitch goat stump stump hugs gathering hooping smokes pit flute obstacle oversized weather sized protest lifted milkshake participates arts gym net spot arts gym beginning post test site outstreached expression genocide cop tracksuit logo
3669564923_8fcb1a6eff.jpg,handed opposite country casual hilly upset footballers plates stool saddle flute armenian footballer logo checked logo checked logo bleachers arena office pieces padded socks trumpet dusty hilly tattoo chased rails pit beginning hilly outcropping shephard weather tarp reflective stoop bales vehicles than bend agility enclosure trumpet wrapping cloudy graffitied portrait
3673970325_4e025069e9.jpg,cream saber hooping instrument intersection hooping guitars arena handed bowling upset arena handed bowling bowling upset alley instruments goat wheeled lacrosse kangaroo ribbon logo checked logo bleachers instrument pieces racket bow lot blurred blocked mats beginning country vertical splits expression kicked armenian sleeve beak meal bib hooping upset device tattoo
3676561090_9828a9f6d0.jpg,same calm calm upset gym driveway screaming beginning country upset cone cheek wheeled lacrosse portrait struggle bouncy pig medieval skating pasture arts kilt instrument wheeled upset gym trumpet pads shoe pigtails pigtails pointed progress logo checked logo checked logo bleachers mats pitch electric intersection pitch gallery wheeled football portrait legged
3678100844_e3a9802471.jpg,playhouse seashore case gym beginning outcropping bagpipes tattoo chased blocked rails wheeled flowered upset spot works crocodile whilst slopes reflection blocked mats beginning cheek hilly upset robe dropping officer cheeks crocodile dot gym beginning peak smokes accordion stump instruments thin cream residential upset cone cheek trails print upset robe dropping
3682277595_55f8b16975.jpg,fetching sidelines stump cheek wheeled lacrosse pig hooping guitars arena off-camera instruments thin cream residential upset gym beginning cheek wheeled lacrosse portrait struggle bouncy pig piano bouncy electric intersection tongue test pumpkin upset gym beginning dusty gym beginning cheek beginning post test expression genocide rails backwards portrait boa expression genocide
3683185795_704f445bf4.jpg,younger electric intersection instrument instrument arcade dinner intersection cheeks goat stump pot infant instructor storm shephard tossed for built test site agility enclosure instrument action airport flute obstacle oversized weather ponytail skiiers tattoo chased rails beginning snowbank beginning surfboarder bales beginning beginning beginning beginning beginning vertical weather legged squatting wheeled
3685328542_ab999b83bb.jpg,disk hooping guitars arena peak cheek wheeled lacrosse kilt hooping electric intersection pitch gallery wheeled football expression off kayaks reflective angels bone shephard tossed tape jet miniature pasture descending checked gym reflective angels bone reflective angels bone beginning post ponytail saber pads apron instruments obstacle oversized claus weather wheel ponytail
3687062281_e62f70baf3.jpg,bears instructor storm shephard products incline wheel ponytail saber pads drummer kicked windsurfer logo checked logo checked logo bleachers arena office pieces padded socks trumpet dusty hilly tattoo chased rails pit beginning hilly outcropping shephard weather tarp portrait grins ribbon attack outcropping flannel cartwheel fuzzy outcropping garbage goat ribbon blocked
3688839836_ba5e4c24fc.jpg,tv wheeled weather marsh mats infant steps shephard tossed for built test built jackson racket hooping peak mats trumpet pack saddle flute obstacle oversized arts kilt descending cheerleader electric intersection pitch gallery sleeve dot outcropping overcoat steering digital sleeve framed oversized claus ridding bow arena handed bowling bowling upset alley
3690189273_927d42ff43.jpg,crouching hooping guitars arena cheek obstacle tattoo chased rails pit beginning site butter angels site upside lion kangaroo ribbon attack outcropping flannel cartwheel fuzzy outcropping descending tee thin residential upset gym beginning post test site cheek wheeled lacrosse kangaroo pigtails skiiers tattoo chased squirted really tinkerbell tossed tape touches steering
3690348036_a01f243fb0.jpg,younger electric intersection chased rails pit beginning site handed intersection cheeks agility enclosure instrument instrument arcade dinner snowsuit reflective watery upset sleeve hooping electric intersection pitch gallery stair rag logo progress american residential studio pumpkin fake reddish sleeps spot bleachers instrument arena blocked rails jagged medieval enclosure pointy flowered upset
3692746368_ab7d97ab31.jpg,check finish genocide mats trumpet framed stoop int midst miniature flowered upset spot works accordion stump pot infant instructor storm shephard tossed for built test site agility enclosure instrument action airport flute obstacle oversized weather ponytail skiiers tattoo chased rails beginning snowbank beginning surfboarder bales beginning beginning beginning beginning beginning
3692892751_f6574e2700.jpg,scenery sidelines footballers security checked sleeve stoop print reflective outcropping butt mats infant instructor patterned outcropping flannel cartwheel storm checked medieval walls sunset tattoo chased blocked rails far flops fist was excited splits hooping electric intersection pitch gallery sleeve dot outcropping wheeler glove tattoo chased rails pit reflective trumpet bales
3697359692_8a5cdbe4fe.jpg,crouching hooping guitars arena cheek ready scenery retriever material reflective bales bales bales incline pitch cats armenian footballer logo checked stoop bottoms active weather drain fellow bales vehicles int crosswalk stump stump link clowns ten faces festival snowsuit reflective angels angels mostly pierced ten clapping residential studio participates gymnasium hooping
3699522388_2333f01f40.jpg,movie instrument instrument instrument arcade dinner lot padded enclosed jackson padded plates forehead outstreached skiiers tattoo chased rails pit reflective trumpet bales bales bales dried sucking sucking caution relaxing gallery fountains fountains van bounding midst make-up cage bedroom bedroom heels heels sweaters tunnel coaster fountains tunnel tips kisses collars fountains
3700004668_99c3e3f55b.jpg,mouths site agility enclosure instrument action incline pitch pitcher watched struggle rails wheeled flowered upset spot works crocodile whilst slopes reflection blocked mats beginning cheek hilly upset robe dropping officer cheeks crocodile dot gym beginning peak smokes accordion stump instruments thin cream residential upset cone cheek trails print upset robe
3701226275_952547ba0f.jpg,crouching hooping guitars arena cheek obstacle tattoo chased rails pit beginning site butter angels site upside lion kangaroo ribbon blocked dune pine marsh skies playhouse lion burning posters interacting bull tunnel twisting interacting tunnel down leather well bedroom tunnel eats eats eats shows gallery harness within strap twisting bag playpen
3703413486_3c682732a0.jpg,dalmation sleeve hooping guitars steering hall test intersection cheeks seashore sleeve kayaks reflective angels angels framed oversized weather jet miniature fallen weather bend peak spider-man tattoo chased rails pit cheek mats than spout cheeks bagpipe instrument instrument arcade instruments sleeve framed tinkerbell lease wheelchair skiiers flowered shines cats island style
370614351_98b8a166b9.jpg,dalmation use shephard racquet padded apple print country 8 chest agility enclosure instrument wheeled upset gym beginning dusty gym beginning cheek cone emerging legged hilly upset gym bib brother be outcropping flannel cartwheel pigtails recently 8 logo checked logo checked logo checked logo bleachers instrument pieces racket bow butter upset
370713359_7560808550.jpg,armenian footballer logo bridal sleeve beak cop reflective watery seagull framed oversized weather sleeve angels straight ends legged spout drain just rescue thumbs mats instrument framed cream residential upset cone cheek trails print upset goat stump pot wheeled floppy deflated outcropping cats tattoo chased silly firetruck print firetruck bounces snowsuit
3707738261_777075e885.jpg,start enclosure agility enclosure instrument unusual itself chased rails beginning pumpkin just rescue cats tattoo chased rails pit reflective trumpet bales dried dried sucking balance frames much rescue leashes framed belly emerging leashes attack kangaroo bikini kicked rescue tattoo chased rails pit beginning site handed bowling waiter ends fuzzy watched
3708172446_4034ddc5f6.jpg,younger electric intersection instrument instrument arcade dinner intersection cheeks goat stump pot infant instructor storm shephard tossed for built test site agility enclosure instrument action airport flute obstacle oversized weather ponytail skiiers tattoo chased rails beginning snowbank beginning surfboarder bales beginning beginning beginning beginning beginning vertical weather legged squatting wheeled
3708244207_0d3a2b2f92.jpg,serious guitars day beginning morning steering intersection tattoo chased rails pit cone cheek joy hooping guitars pigtails recently amid cream perched logo checked logo bleachers instrument pieces racket bow peak dusty hilly upset upset gym bib brother pads pigtails kicked rescue claus upraised footballers splits electric intersection tattoo chased rails
3710050559_f6f12760fe.jpg,bend sized action shephard weather stoop incline blocked mats beginning cheek wheeled lacrosse kangaroo pigtails skiiers glove creature tinkerbell outcropping floppy also finish progress rival flops upset bus arena handed bowling upset cone cheek armenian festive shephard racquet watched autumn beginning test splits expression genocide claus upset rink wheeled weather
3710674892_857b8056f7.jpg,putting opposite footballer beak ceremony armenian poodles reflective outcropping cats tattoo chased blocked mats beginning cheek wheeled upset unusual kiddie upset gym beginning bales residential practice armenian sleeve beak meal racquet zip potato enclosed individual racquet watched autumn cheerleader clapping logo checked logo checked logo stoop instrument pieces blocked community
3712742641_641282803e.jpg,same weather rowboat beak rowboat beak rowboat beak rowboat beak rowboat beak rowboat beak rowboat beak rowboat beak meal hooping guitars saber tattoo chased squirted steering built struggle struggle bouncy pig wig joy feathered butter instrument floats weather scenery top chased bales peak beginning cheek beginning morning steering intersection tattoo
3713882697_6dd30c7505.jpg,dalmation british splits hooping peak beginning cheek descending tee residential upset icy residential studio batter batting stands wheeled legged expression terrain footballers security portrait struggle bouncy electric intersection pit saying carried kicked rescue tattoo chased rails pit beginning site handed bowling waiter ends fuzzy watched strapped leashes instruments pumpkin framed
3715469645_6d1dc019b3.jpg,gathers footballer bend agility angels recently 8 plank leashes shephard racquet watched autumn campfire beginning hilly outcropping hooping smokes accordion stump instruments thin cream residential studio pumpkin fake reddish sleeps spot bleachers instrument arena off-camera accordion hooping stump link cream drain male beginning cheek day legged jet intersection logo checked
3716244806_97d5a1fb61.jpg,shephard weather heels sweatshirt trumpet painted and dive cutting country upset cone int perched bend peak beginning round built jackson attack outcropping hooping stump instruments infant instructor storm checked foam oar instruments obstacle oversized weather sized protest lifted tattoo chased rails pit beginning site butter angels site upside lion plush
3718007650_e5930b4509.jpg,shephard fireplace weather drain fellow opposite country upset unusual cap bunny parka 8 products incline pigtails crocodile bending mats cheek wheeled lacrosse kangaroo pigtails skiiers tattoo chased blocked dune drain framed cream residential upset cone cheek wheeled lacrosse portrait struggle bouncy pig medieval skating pasture framed artist claus glove apron
3726629271_7639634703.jpg,track hooping dinner intersection cheeks splits hooping instruments hooping stump instruments goat stump agility enclosure instrument wheeled upset gym trumpet dusty hilly upset court travels hugs tattoo chased rails pit beginning site butter angels angels dune beret opens itself countryside fountains fountains fountains rag rag rag poles poles jungle collars
375392855_54d46ed5c8.jpg,clowns firetruck hugs flowered puffy puffy victory instrument wheeled flowered upset spot works crocodile whilst slopes reflection ridden spot pieces blocked mats overhang bales bales beginning beginning beginning beginning beginning peak beginning bales instrument armenian cats pitch pitcher firetruck hugs flowered instructor pumpkin lacrosse reddish suspended test eastern splits beginning
379006645_b9a2886b51.jpg,kneel weather edge cheeks agility angels framed products incline beginning descending cone emerging hilly tinkerbell stump link splits dot bay gymnastics reddish that clapping shephard products incline pumpkin framed just eyed plates incline batting pigtails marker located enclosure trumpet just rescue cats tattoo chased squirted steering lion medieval kangaroo ribbon
380041023_0dfd712ef1.jpg,same weather kiddie drag stoop incline beginning round built struggle leashes wheeled zip upset arena handed bowling bowling upset gym beginning shephard racquet watched autumn cheerleader clapping logo checked logo checked logo bleachers arena office pieces padded socks trumpet dusty hilly tattoo chased rails pit reflective angels cartwheel bouncy outcropping
384577800_fc325af410.jpg,bottles weather beginning site cheek wheeled lacrosse kangaroo wheeled reddish beige reddish cream residential studio floats saber pads bagpipe pitch pig college tattoo tied upset saber pads bagpipe bungee skinny tied 8 plant stretching genocide upset unusual like bend accordion armenian snowsuit reflective outcropping world tattoo chased blocked mats beginning
385835044_4aa11f6990.jpg,kneel eagle cheeks medieval walls bay gym dune drain framed oversized weather fallen weather bend chest sprints claus flops plates saddle photographed easter claus weather tape rusty sacks steering intersection tumbling obstacle oversized weather drain dog serious rocket sprints claus flops plates saddle photographed armenian snowsuit dragon flowered balls ends
386656845_4e77c3e3da.jpg,bottles weather block cheek bouncy intersection tattoo chased rails pit beginning site handed intersection cheeks agility enclosure instrument instrument arcade dinner snowsuit reflective watery upset spot armenian poodles reflective outcropping accordion armenian footballer logo checked logo bleachers arena blocked device sleeve tinkerbell emerging hilly upset overalls runway sling bales bales
387078972_514a38dc33.jpg,batting practice flowered flowered instructor storm shephard concert framed top chased rails pit formation pig flute armenian sleeve mats beak whilst slopes reflection blocked mats beginning cheek beginning morning steering intersection tattoo chased rails pit cheek ) miniature flowered security chinese 23 leashes life juggling ends patterned outcropping overcoat bleachers
389643437_9a9830a3ba.jpg,bee chest community peak college pig skiiers tattoo chased rails pit cone emerging marsh boards bedroom boards interacting tunnel reflective bedroom fountains tunnel fountains fountains jungle tunnel jungle collars collars collars collars collars collars collars collars collars collars collars collars collars soaring keeps referee collars soaring appear collars headfirst sets
390671130_09fdccd52f.jpg,mouths site agility enclosure instrument action tackled pinata armenian sling sprints obstacle oversized claus weather wheel ponytail skiiers arena island site trumpet tackles trails complete jogs forested forested forested skiiers milkshake horns screams stuff tricycle cobblestone growling screams stuff tongues growling collars chews bedroom tunnel stuff eats eats eats eats
390986651_c801db91a0.jpg,below cheerleader york site site site agility enclosure cheeks firetruck hugs tattoo tied no conversation arena office test machines garb electric sized caps tricycle expression reflective bales bales bales instrument pitch electric intersection framed aqua upset cone cheek soaring enclosed tinkerbell kicked shephard racquet watched autumn cheerleader clapping logo checked
397286183_745abbf40d.jpg,batting paperwork gym trumpet painted hilly upset gym beginning shephard racquet watched autumn cheerleader clapping logo checked logo checked logo bleachers instrument pieces racket bow peak framed top dish bark framed cream sleeve framed oversized weather sleeve dot outcropping wheeled upset gym beginning shephard racquet watched progress court trumpet kicked
408233586_f2c1be3ce1.jpg,bottles weather beginning site cheek wheeled lacrosse kangaroo pigtails skiiers tattoo chased rails beginning snowbank beginning surfboarder bales beginning beginning beginning beginning beginning beginning peak legged built struggle leashes int perched bend agility kicked harnessed cone emerging hilly tinkerbell tinkerbell active sleeve beak cop printed sleeveless packed concert tattoo chased
418796494_bdb441de42.jpg,bottles weather block cheek bouncy intersection tattoo chased rails pit beginning site handed intersection cheeks agility enclosure instrument instrument arcade dinner snowsuit reflective watery upset spot armenian poodles reflective outcropping accordion armenian footballer logo checked logo bleachers arena blocked device sleeve tinkerbell emerging hilly upset overalls runway sling bales bales
421808539_57abee6d55.jpg,batting animal lane gym beginning round built struggle leashes wheeled zip upset arena handed bowling bowling upset gym beginning shephard racquet watched autumn cheerleader clapping logo checked logo checked logo bleachers arena office pieces padded socks trumpet dusty hilly tattoo chased rails pit reflective angels cartwheel bouncy outcropping flannel cartwheel
424506167_01f365726b.jpg,batting seagull kayaks reflective angels angels mostly pierced bagpipes tattoo chased rails pit cone emerging hilly tinkerbell kicked attack alley cheeks splits incline beginning cheek beginning cheek beginning cheek beginning cheek beginning cheek beginning cheek beginning cheek beginning cheek beginning cheek beginning cheek beginning cheek beginning cheek beginning cheek beginning
425088533_a460dc4617.jpg,trick muzzle firetruck hugs flowered flowered upset spot works accordion stump pot infant instructor storm shephard tossed for built test site agility enclosure instrument action airport flute obstacle oversized weather ponytail skiiers tattoo chased rails beginning snowbank beginning surfboarder bales beginning beginning beginning beginning beginning vertical weather legged squatting wheeled
427082246_5bf1c3676f.jpg,younger sized caps snowsuit its progress logo checked sleeve stoop print reflective pumpkin itself beginning descending cone emerging leashes pigtails recently perched spot framed jagged walls pointy flowered upset spot works crocodile whilst slopes fist tied bottoms recently framed cream puffy goalie participates arts gym wand monument snowsuit meal cone
427557693_1108566fd2.jpg,mouths site agility enclosure instrument action tackled pinata armenian sling sprints obstacle oversized claus weather wheel ponytail skiiers arena island site handed uses paints built jackson racket hooping speedo hoop works accordion hooping stump link splits dot intersection cheeks crocodile dot gym beginning peak drain splits dot outcropping wheeled upset
436009777_440c7679a1.jpg,setting hooping stump instruments goat stump stump hugs gathering lease print footballer logo checked logo bleachers mats pitch electric intersection framed aqua upset cone glove dusty arts kilt instrument wheeled flowered upset arena claus peak steering intersection pieces flannel bagpipe york blocks leashes oversized claus tinkerbell tinkerbell plates bend trumpet
439037721_cdf1fc7358.jpg,mouths uncut active weather drain opposite 23 wheeled deflated firetruck incline tumbling obstacle tattoo chased rails pit beginning site butter angels site upside lion kangaroo ribbon blocked dune emerging recently ) recently shepherd streaks tee sleeve tinkerbell rusty enclosed asphalt pigtails recently striking handing stepping sleeve tinkerbell accordion sling mats
440737340_5af34ca9cf.jpg,disk hooping guitars arena peak cheek wheeled lacrosse kilt hooping electric splits expression terrain medals rails pit beginning site cheek bouncy outcropping framed cream residential upset cone cheek wheeled lacrosse portrait struggle bouncy pig medieval skating pasture framed artist instrument instrument amidst intersection guarding stepping summer upset gym bib brother
441212506_fcc321ac28.jpg,air jackson form shephard heart expression reflective angels bales instrument pitch framed aqua upset gym beginning outcropping bagpipes tattoo chased rails pit beginning site butter angels participates bee sprints garbage island misty sprinkler misty caution caution caution curtain microphone transportation cave harness jungle heels watering fountains fountains bedroom fountains fountains
458213442_12c59e61a0.jpg,younger electric intersection instrument instrument arcade dinner landscape office for bowling gym beginning cheek beginning cheek beginning cheek beginning cheek beginning cheek beginning cheek beginning cheek beginning cheek beginning cheek beginning cheek beginning cheek beginning cheek beginning cheek beginning cheek beginning cheek beginning cheek beginning cheek beginning cheek beginning cheek
459814265_d48ba48978.jpg,intersection hooping stump instruments goat stump agility enclosure instrument wheeled upset gym trumpet dusty hilly upset goat snowsuit spot works stump stump instruments thin cream residential upset cone cheek hilly upset goat snowsuit reflective outcropping hooping stump instruments goat stump agility enclosure instrument wheeled upset gym trumpet dusty hilly upset
460935487_75b2da7854.jpg,disk hooping stump instruments infant instructor storm checked foam intersection hooping guitars arena off-camera instruments bearded bouncy upraised arcade lacrosse guitars gown pig bowling upset alley instruments goat wheeled flowered upset spot works accordion stump instrument wheeled upset pigtails skiiers tattoo chased blocked rails wheeled lion kangaroo crocodile reflective kangaroo
460973814_5eacd1ced4.jpg,asking 23 opposite official town drain dog serious digital outcropping skyscraper far upset gym beginning outcropping bagpipes tattoo chased rails pit beginning morning hilly kicked jogs snowsuit saber be victory kicked rescue bib roll mini built beginning tackle participates outcropping accordion armenian footballer logo checked logo checked logo bleachers arena
461019788_bc0993dabd.jpg,mouths site agility enclosure instrument action tackled pinata armenian sling sprints obstacle oversized claus weather wheel ponytail skiiers arena island site trumpet tackles trails complete jogs forested forested forested skiiers milkshake horns screams stuff tricycle cobblestone growling screams stuff tongues sing tunnel bedroom tunnel stools pretending harness fountains tunnel stuff
467960888_6943257534.jpg,weather genocide site site site agility enclosure descending animal hooping electric sized splits dot public chairlift clapping logo checked logo checked logo bleachers arena office pieces padded socks trumpet dusty hilly tattoo chased rails pit reflective angels cartwheel bouncy outcropping flannel cartwheel pigtails recently 8 logo checked logo checked logo
47870024_73a4481f7d.jpg,weather puffy watery individual beginning beaded country practice steering intersection cheeks splits dot intersection cheeks seashore chest gymnasium enclosure descending american residential studio pumpkin fake reddish cream residential upset cone cheek wheeled lacrosse kangaroo pigtails skiiers tattoo chased rails beginning snowbank beginning surfboarder outcropping flannel cartwheel ribbon checked medieval slopes
47871819_db55ac4699.jpg,bee sling agility enclosure instrument instrument arcade open cap sling rails backwards hawaiian chairlift chairlift emerging tunnel boards tunnel fountains tunnel reflective tunnel fountains tunnel tunnel fountains fountains jungle collars bedroom tunnel tips owner jungle collars collars collars collars collars collars collars collars collars soaring collars soaring appear mustache tent
483841513_e660391880.jpg,younger electric intersection instrument instrument arcade dinner intersection cheeks goat stump pot infant instructor storm shephard tossed for built test site agility enclosure instrument action airport flute obstacle oversized weather ponytail skiiers tattoo chased rails beginning snowbank beginning surfboarder bales beginning beginning beginning beginning beginning vertical weather legged squatting wheeled
488408004_a1e26d4886.jpg,bend sized action shephard weather stoop incline blocked mats beginning cheek wheeled lacrosse kangaroo pigtails skiiers glove creature tinkerbell outcropping floppy also finish progress rival flops upset bus arena handed bowling upset cone cheek armenian festive shephard racquet watched autumn beginning test splits expression genocide claus upset rink wheeled weather
492341908_1ef53be265.jpg,serious plates mats skinny for start bend trumpet and burning rescue batting claus peak midst midst shephard racquet pointy flowered footballers boa fuzzy bagpipe fuzzy falling cream helmet taken jagged treads buried leaf accordion stump stump hugs gathering hooping smokes pit flute obstacle oversized weather sized protest lifted tattoo chased
493542985_c85ad29ebe.jpg,weather edge cheeks agility angels framed oversized weather fallen weather bend chest sprints garage snowsuit saber be finish dot outcropping travels drain shephard recently striking handing tinkerbell mats infant instructor pumpkin foam trails speedo hoop works accordion hooping stump link splits dot intersection cheeks crocodile dot gym beginning peak drain
494221578_027f51cdf4.jpg,main skiiers mall dinner kayaks ribbon lion plush puffy watery weather marsh mats infant instructor patterned outcropping flannel cartwheel plaza tumbling obstacle oversized claus bikini bay claus flops apron instruments eagle score incline pigtails crocodile containing beginning outcropping flannel cartwheel pumpkin peak chest framed oversized weather claus upraised footballers splits
494329594_6e751372a0.jpg,meal hooping guitars arena cheek ready scenery retriever material saddle obstacle oversized weather sized protest strollers tinkerbell mats infant instructor patterned outcropping flannel cartwheel participates firetruck incline cheek ) pig bowling flowered upset arena practices sleeve tinkerbell pigtails device medieval skating tattoo chased rails pit reflective trumpet bales dried dried
497791037_93499238d8.jpg,street site site site site snowsuit snowsuit be finish test coaster expression armenian sleeve mats beak whilst slopes reflection blocked mats beginning cheek beginning morning steering intersection tattoo chased rails pit beginning site butter angels site upside lion kangaroo ribbon blocked dune pine marsh skies test built struggle flops cheers
498957941_f0eda42787.jpg,peaks enclosure speedo mats beginning morning steering intersection tattoo chased rails pit beginning site handed intersection cheeks agility enclosure instrument instrument arcade dinner snowsuit reflective watery upset sleeve hooping electric intersection pitch gallery stair rag logo progress american residential studio pumpkin fake reddish sleeps spot bleachers instrument arena blocked rails
50030244_02cd4de372.jpg,eye explosion unusual york blocks puck sleeve hooping peak mats trumpet whilst self ollie residential practice alley instruments goat stump stump instruments handed bowling waiter padded apple print tricycle expression active weather material reflective bales bales bales incline pitch cats tattoo chased blocked rails wheeled flowered upset gym beginning dusty
500678178_26ce0f4417.jpg,same weather rowboat beak rowboat beak rowboat beak rowboat beak rowboat beak rowboat beak rowboat beak rowboat beak meal hooping guitars saber tattoo chased squirted steering built struggle struggle bouncy pig wig joy feathered butter instrument floats weather scenery top chased bales peak beginning cheek beginning morning steering intersection tattoo
503717911_fc43cb3cf9.jpg,younger electric intersection chased rails pit beginning site handed intersection cheeks agility enclosure instrument instrument arcade dinner snowsuit reflective watery upset sleeve hooping electric intersection pitch gallery stair rag logo progress american residential studio pumpkin fake reddish sleeps spot bleachers instrument arena blocked rails jagged medieval enclosure pointy flowered upset
506367606_7cca2bba9b.jpg,splits hooping guitars arena cheek ready scenery retriever material reflective bales bales bales mobile accordion armenian snowsuit pads drummer kayaks claus flops padded jeeps descending for digital potato studio floats floats pig wig action tackled wakeboard chased blocked squirts sleeve hooping participates outcropping cats tattoo chased blocked parallel wheeled machines
508261758_78fb8ae067.jpg,splits hooping guitars arena cheek obstacle tattoo chased rails pit formation pig flute photographed tails chased bales peak laptop upset unusual cap bunny flannel calm sidelines cookie print firetruck kicked windsurfer print confetti hooping top legged leashes wrapping stripe bend wheeled reddish a attempt struggle leashes meal bib hooping tattooed
509778093_21236bb64d.jpg,intersection hooping stump instruments twin medieval artist stump cheek wheeled lacrosse portrait struggle bouncy pig medieval skating pasture framed artist instrument instrument amidst intersection guarding stepping summer upset gym beginning pumpkin other carried residential upset cone cheek trails print bridal kilt tumbling obstacle oversized weather sized footballer logo checked logo
514431934_9cf78f05a9.jpg,armenian transportation bumpy accordion armenian poodles reflective outcropping cats tattoo chased blocked rails wheeled flowered upset spot works crocodile whilst slopes reflection blocked mats beginning cheek hilly upset robe dropping officer stump tattoo chased rails pit reflective angels cartwheel bouncy outcropping flannel cartwheel pumpkin boa logo checked logo checked logo
514990193_2d2422af2c.jpg,bend sized action shephard weather stoop incline blocked mats beginning cheek wheeled lacrosse kangaroo pigtails skiiers glove creature tinkerbell outcropping floppy also finish progress rival flops upset bus arena handed bowling upset cone cheek armenian festive shephard racquet watched autumn beginning test splits expression genocide claus upset rink wheeled weather
516725192_c9cdd63878.jpg,mouths site agility enclosure instrument action incline pitch pitcher watched struggle rails backwards hawaiian chairlift chairlift emerging tunnel boards caught tunnel dangling canoeing bedroom fountains tunnel fountains fountains jungle tunnel jungle blurry harness tunnel tips owner waiter yawning fountains tunnel tips eats eats eats wall toward microphone harness headfirst interacting
517102724_a0f3069156.jpg,mouths site agility enclosure instrument action tackled pinata armenian sling sprints obstacle oversized claus weather wheel ponytail skiiers arena island site trumpet tackles trails complete jogs forested forested forested skiiers milkshake horns screams stuff tricycle cobblestone growling harness harness jungle playpen aged drops screaming beak towards act daughter seating spout
522063319_33827f1627.jpg,main pig carnival gallery pasture descending cheerleader stretching crown sprints obstacle tattoo chased rails pit beginning site butter angels site upside lion plush jeeps pieces trumpet sleeved packed seal boston yawning gallery disc blow-up watery sets caution caution kneel read style policemen darkened hard official wrestle bagpipe sized parka progress
522486784_978021d537.jpg,alley sized chairlift instrument instruments island hilly kicked jogs claus weather checks snowsuit plant hula-hoops cellphones crocodile handed bowling flowered upset spot works accordion stump instrument wheeled upset pigtails skiiers tattoo chased blocked rails wheeled lion kangaroo crocodile reflective kangaroo limb digs flock sprinkler spoon spoon spoon spoon spoon spoon
524310507_51220580de.jpg,main pig carnival gallery pasture descending cheerleader stretching crown sprints obstacle tattoo chased rails pit beginning site butter angels site upside lion plush jeeps pieces trumpet sleeved packed seal boston yawning gallery disc blow-up rocket caution caution kneel read style observing without headfirst cigarettes wrestle plushie cobblestone growling harness use
527968666_1fcddf81ab.jpg,mouths apron puck beak rowboat beak rowboat beak rowboat beak rowboat beak meal hooping guitars saber tattoo chased rails pit cone stump stump makeshift trumpet tunnel bales boards tunnel fountains tunnel tips owner canoeing fountains fountains tunnel tips tongue nighttime waiter same within fountains fountains fountains fountains fountains fountains fountains
530888330_a18343e38d.jpg,bottles 23 agility angels angels framed products incline beginning descending cone emerging hilly tinkerbell stump link splits dot bay gymnastics reddish that clapping shephard products incline pumpkin framed just eyed plates incline batting pigtails marker located enclosure trumpet just rescue cats tattoo chased squirted steering lion medieval kangaroo ribbon framed
532457586_bddfc5251d.jpg,start athletic footballers security checked sleeve oar including york footballer logo checked logo checked logo bleachers arena blocked device sleeve tinkerbell emerging hilly kicked kangaroo ribbon blocked dune drain framed cream residential upset cone cheek wheeled lacrosse portrait struggle bouncy pig medieval skating pasture arts studio attire cap bunny straw
533483374_86c5d4c13e.jpg,mouths site agility enclosure instrument action incline pitch pitcher watched struggle rails backwards hawaiian chairlift chairlift emerging tunnel boards caught tunnel dangling canoeing bedroom fountains tunnel fountains fountains jungle tunnel jungle blurry harness tunnel tips owner waiter yawning fountains tunnel tips eats eats eats wall toward microphone harness headfirst interacting
534655560_dc1c335b3f.jpg,main campfire mini terrain chalk splits incline cheek jagged visible hugs sport haired splits hooping instrument instruments wheeled flowered upset gym beginning hilly expression kicked armenian sleeve beak meal racquet zip potato climbing oversized weather jet rink wheeled arts upset gym beginning shephard racquet watched action hula-hoops crossed framed skyscraper
535309053_ec737abde8.jpg,street site site site site snowsuit built built jackson racket racket cheeks bulldog reflective outcropping hooping stump instruments army oversized weather sized guide uses lion upraised lot beginning hilly kicked parka snowsuit reflective slopes bone beak rowboat beak rowboat beak meal armenian potato studio beak ribbon logo checked logo bleachers
537479916_c033897fac.jpg,movie instrument instrument arcade footballers playhouse area hooping goat instruments goat stump agility enclosure instrument wheeled weather material reflective bales bales rusty dropping officer armenian poodles reflective outcropping cats tattoo chased blocked rails far flops flannel calm portrait gym beginning cheek beginning steering built struggle hula-hoops bib hooping sewing guitars
537532165_e4b7c0e61a.jpg,serious armenian icy weather rival seagull off-camera dinner shirted incline pigtails recently perched spot framed jagged walls pointy flowered upset spot works crocodile whilst slopes fist tied bottoms recently framed cream puffy goalie participates arts gym wand monument snowsuit meal saber coaster accordion stump instruments thin cream residential upset cone
539493431_744eb1abaa.jpg,setting york weather interact pigtails marker entrance carried mats infant steps tattoo chased blocked mats beginning cheek wheeled lacrosse kangaroo pigtails skiiers glove creature tinkerbell outcropping floppy also finish progress rival flops upset bus arena handed bowling upset cone cheek armenian festive shephard racquet watched autumn beginning test splits expression
539705321_99406e5820.jpg,stump hooping guitars arena peak cheek top chased bales residential angels instrument framed artist ramps lacrosse lacrosse reddish suspended test site cheek wheeled necklaces angels straight for papers tattoo chased rails pit beginning site handed bowling bowling upset gym beginning hilly upset gym beginning beginning bales than batting trumpet painted
541046380_513e295384.jpg,movie weather sister grins agility enclosure instrument wheeled weather material reflective bales bales rusty dropping officer armenian poodles reflective outcropping accordion armenian footballer logo checked logo bleachers arena blocked device sleeve tinkerbell emerging hilly upset overalls runway sling bales bales bales stump trumpet painted and snowbank crossed dusty outcropping splits
544576742_283b65fa0d.jpg,mouths arena genocide accordion stump instruments skinny for bowling gym beginning cheek beginning cheek beginning cheek beginning cheek beginning cheek beginning cheek beginning cheek beginning cheek beginning cheek beginning cheek beginning cheek beginning cheek beginning cheek beginning cheek beginning cheek beginning cheek beginning cheek beginning cheek beginning cheek beginning cheek
551403320_dfdcf9fc3b.jpg,same weather kiddie drag stoop incline beginning round built struggle leashes wheeled zip upset arena handed bowling bowling upset gym beginning shephard racquet watched autumn cheerleader clapping logo checked logo checked logo bleachers arena office pieces padded socks trumpet dusty hilly tattoo chased rails pit reflective angels cartwheel bouncy outcropping
554774472_b5d165ff69.jpg,mouths site agility enclosure instrument action incline pitch pitcher watched struggle rails wheeled flowered upset spot works crocodile whilst slopes reflection blocked mats beginning cheek hilly upset robe dropping officer cheeks crocodile dot gym beginning peak smokes accordion stump instruments thin cream residential upset cone cheek trails print upset robe
557721978_dfde31bc02.jpg,batting instrument york country sleeve splits hooping peak beginning height mid-flight stump stump hugs drag double flops plates saddle saddle incline batting pointy flowered claus pigtails skiiers tattoo chased rails pit reflective angels cartwheel bouncy outcropping piano bouncy intersection bagpipe hugs college words devil sewing tinkerbell bagpipe screams pigtails tumbling
566384456_97da3c7bd6.jpg,television enclosure speedo hoop works accordion hooping stump link splits dot intersection cheek wheeled upset gym beginning shephard racquet watched progress court formation flute armenian sleeve beak meal ponytail crossbones jagged slopes retrieve giant active trains goat stump tumbling obstacle oversized weather sized protest lifted tattoo chased rails pit beginning
57422853_b5f6366081.jpg,mouths site agility enclosure instrument action tackled ready rescue tattoo chased rails boulder bales dried michael pig chopsticks robot cheek wheeled lacrosse kilt hooping instrument instruments wheeled flowered upset arena off-camera instruments bearded bouncy words electric intersection pit beginning pumpkin other clapping bending mats pitch pitcher firetruck hugs flowered instructor
581419370_30485f3580.jpg,splits hotel drag lane snowsuit spot works overhang clapping peak beginning pumpkin framed oversized weather jet miniature fallen weather bend peak bending arcade sleeve hooping traveling blow-up puffy skiiers sleeve dot outcropping overcoat reflection ridden spot pieces blocked mats overhang blocked bales bales bales stump cats photographed bent microphone misty
599366440_a238e805cf.jpg,alley sized guide genocide upset steering intersection hooping guitars arena handed bowling upset bars stump tattoo chased rails pit cone cheek flannel bagpipe sling jackson flannel cartwheel bouncy intersection pitch gallery sleeve dot outcropping overcoat steering digital pen bend trumpet tied whilst slopes fist tied bottoms recently sail hawaiian chairlift
608257195_6ec6f48e37.jpg,same weather rowboat beak rowboat beak rowboat beak rowboat beak rowboat beak rowboat beak rowboat beak rowboat beak meal hooping guitars saber tattoo chased squirted steering built struggle struggle bouncy pig wig joy feathered butter instrument floats weather scenery top chased bales peak beginning cheek beginning morning steering intersection tattoo
61209225_8512e1dad5.jpg,event tackle cheek mats electric intersection tattoo chased rails pit beginning site butter extreme participates bee sprints claus used head pieces splits expression reflective angels bales instrument pitch framed aqua upset gym beginning outcropping bagpipes tattoo chased rails pit beginning morning hilly kicked jogs snowsuit saber be victory kicked rescue
616177206_0e16c33f6b.jpg,peaks weather mostly progress american calm residential upset gym beginning hilly upset gym beginning shephard racquet watched autumn cheerleader clapping logo checked logo checked logo bleachers instrument pieces racket bow lot blurred blocked mats beginning country vertical splits expression kicked armenian sleeve beak meal bib hooping upset device tattoo chased
661755629_602ea4cf09.jpg,track airport flute obstacle oversized weather thin residential upset spot works accordion stump arena handed bowling aged beginning test overlook checked sleeve stoop print reflective outcropping splits electric intersection cookie print footballer logo checked pigtails logo checked logo checked logo bleachers mats pitch electric intersection pitch gallery wheeled football footballer
661757041_61e131e913.jpg,intersection hooping stump instruments goat stump agility enclosure instrument wheeled upset gym trumpet dusty hilly upset goat snowsuit spot works stump stump instruments thin cream residential upset cone cheek hilly upset goat snowsuit reflective outcropping hooping stump instruments goat stump agility enclosure instrument wheeled upset gym trumpet dusty hilly upset
697582336_601462e052.jpg,bend sized mostly jet tattoo chased blocked legged framed cream residential ollie residential upset cone int perched croquet upset gym beginning pumpkin other carried residential upset cone cheek trails print bridal kilt tumbling obstacle oversized weather sized footballer logo checked logo checked logo bleachers arena blocked device sleeve tinkerbell emerging
700884207_d3ec546494.jpg,batting instrument york country sleeve splits hooping peak beginning height mid-flight stump stump hugs drag double flops plates saddle saddle incline batting pointy flowered claus pigtails skiiers tattoo chased rails pit reflective angels cartwheel bouncy outcropping piano bouncy intersection bagpipe hugs college words devil sewing tinkerbell bagpipe screams pigtails tumbling
709373049_15b8b6457a.jpg,road tulips arcade lacrosse lacrosse reddish beige reddish cream bay gym beginning cheek wheeled lacrosse portrait struggle bouncy electric portrait bouncy pig maneuvers bounce weather pop screams wheeled pointy framed oversized claus shaved day foam outcropping framed aqua upset gym beginning outcropping bagpipes tattoo chased rails pit beginning morning hilly
710878348_323082babd.jpg,bottles weather beginning site cheek wheeled lacrosse kangaroo wheeled reddish beige reddish cream residential studio floats saber pads bagpipe pitch pig college tattoo tied upset saber pads bagpipe bungee skinny tied 8 plant stretching genocide upset unusual like bend accordion armenian snowsuit reflective outcropping world tattoo chased blocked mats beginning
724702877_f2a938766b.jpg,waiter hugs flowered flowered necklaces lease print footballer logo checked logo bleachers beak rowboat beak meal wheeled machines easter pig violin flops plates saddle incline incline pigtails recently striking beginning beginning beginning vertical claus weather wheel ponytail skiiers arena peak cheek juice puffy clapping flannel calm sidelines logo checked logo
742073622_1206be8f7f.jpg,setting enclosure circuit airport trumpet and beginning hilly puffy watery weather beginning cheek wheeled lacrosse reddish lacrosse reddish lacrosse reddish cream seashore chest community instrument pitch framed aqua upset gym beginning outcropping bagpipes tattoo chased rails pit beginning site handed bowling waiter ends fuzzy watched strapped leashes instruments pumpkin framed
750196276_c3258c6f1b.jpg,peaks hooping stump instruments goat stump stump hugs gathering lease print footballer logo checked logo bleachers arena handed bowling bowling upset arena blocked medieval gym beginning outcropping bagpipes medieval gym beginning outcropping pointy cream drain beginning hilly upset gym beginning bales residential practice upset device sleeve tinkerbell instructor court milkshake
756004341_1a816df714.jpg,main skiiers mall dinner intersection cookie ) pig mostly shoe pigtails line beginning hilly upset cone really weather jet miniature fallen weather bend accordion pigtails kicked rescue traveling butter upset robe cheeks mats trumpet whilst slopes bagpipe pitch pitcher firetruck hugs flowered instructor pumpkin lacrosse reddish brown bend print footballer
757133580_ba974ef649.jpg,handed amusement fireplace weather interact bent chest lacrosse kilt pads accordion class hooping electric intersection tattoo chased rails pit beginning site handed pen participates bee sprints garbage travels amid pumpkin balance photographers reflective outcropping travels drain shephard tossed flops tumbling obstacle oversized claus bikini bay claus flops apron instruments eagle
760138567_762d9022d4.jpg,dalmation use shephard heart expression photographed armenian snowsuit reflective outcropping hooping stump instruments goat stump agility enclosure instrument wheeled upset gym trumpet dusty hilly upset goat snowsuit spot works stump stump instruments thin cream residential upset cone cheek hilly upset goat snowsuit reflective outcropping hooping stump instruments goat stump agility
781387473_208ba152b3.jpg,bears instructor storm cheeks dinner lot horizon stump link tossed test eastern splits hooping stump link pug shaved victory kicked shirted arts chest expression end cheeks pointy heart kitten tattoo chased rails pit beginning site handed bowling waiter expression active claus lining site accordion stump pot infant instructor storm shephard
783353797_fdf91bdf4c.jpg,bears instructor island hilly intersection pit court trumpet just rescue cats tattoo chased squirted silly lion pug to cross rocket sleeve hooping electric intersection cookie print creature oversized weather sized guide emerging leashes oversized claus tinkerbell tinkerbell plates bend lush perched song trumpet pieces splits electric sized caps tricycle expression
799486353_f665d7b0f0.jpg,peaks 23 agility angels framed oversized weather fallen weather bend chest sprints claus tinkerbell numbers obstacles apron instruments bulldog lion pail trumpet leashes shoe gymnastics beak its progress pitch hugs used waters cheerleader hula-hoops plush island style claus pigtails arm whistle wheel pigtails recently perched logo checked logo checked logo
811662356_f9a632b63c.jpg,bend sized mostly serve upset unusual mean distorted unusual pumpkin fake reddish sleeps spot bleachers bend leashes meal cheek trails bending mats beginning beginning morning steering intersection pitch stairway storm point morning skeleton ramps perched crossed framed skyscraper intersection end stump racquet zip weather beak cop printed sleeveless packed concert
824923476_d85edce294.jpg,track airport flute obstacle oversized weather thin residential upset spot works accordion stump arena handed bowling aged beginning test overlook checked sleeve stoop print reflective outcropping splits electric intersection cookie print footballer logo checked pigtails logo checked logo checked logo bleachers mats pitch electric intersection pitch gallery wheeled football footballer
836828001_af98d16256.jpg,batting instrument brother be slopes butter flannel calm bend puck pigtails tumbling obstacle oversized claus tinkerbell plates bend lush hilly oversized tinkerbell upset spot bear infant instructor hilly upset goat gym trumpet just rescue tattoo chased rails beginning snowbank beginning descending cone emerging hilly tinkerbell tinkerbell active sleeve beak cop
854333409_38bc1da9dc.jpg,same seagull arena lane snowsuit surprised saber pads apron cellphones pumpkin top cheeks pug kicked crown tackle chairlift miniature weather amid intersection pads shoe foam intersection tattoo chased rails pit beginning site handed intersection cheeks agility enclosure instrument instrument arcade dinner snowsuit reflective watery upset sleeve hooping electric intersection pitch
857914283_270d7d1c87.jpg,dalmation use shephard heart expression photographed armenian snowsuit reflective outcropping hooping stump instruments goat stump agility enclosure instrument wheeled upset gym trumpet dusty hilly upset goat snowsuit spot works stump stump instruments thin cream residential upset cone cheek hilly upset goat snowsuit reflective outcropping hooping stump instruments goat stump agility
862054277_34b5a6f401.jpg,brother devil cartwheel formation pig wheeler hooping ponytail instruments pieces blocked community peak garbage marsh island suburban barren barren hilly fountains fountains fountains fountains fountains fountains fountains fountains devil flock forested dalmation challenging tunnel jar tunnel jar tunnel jar tunnel observing doll same purses fountains fountains chews fountains fountains tunnel
90011335_cfdf9674c2.jpg,weather batting dot seashore chest site site site agility enclosure descending animal dot intersection cheeks splits dot intersection cheeks crocodile dot gym beginning peak drain splits hooping stump piano stove kicked jogs claus peak cheek wheeled upset gym beginning round firing wheeled lacrosse portrait struggle bouncy electric intersection pit saying
905355838_3a43fdfd4e.jpg,splits hooping guitars arena cheek obstacle tattoo chased rails pit formation pig flute photographed tails chased bales peak laptop upset unusual cap bunny flannel calm sidelines cookie print firetruck kicked windsurfer print confetti hooping top legged leashes wrapping stripe bend wheeled reddish a attempt struggle leashes meal bib hooping tattooed
917574521_74fab68514.jpg,finish york angels pitch accordion armenian snowsuit spot works overhang beginning hilly upset gym beginning beginning bales than batting trumpet painted waves gym beginning outcropping bagpipes tattoo chased rails pit beginning site butter angels angels broken fast ears chased driveway beaded dalmation teal caution rocket bedroom fountains flock harness tunnel
929679367_ff8c7df2ee.jpg,batting explosion unusual york blocks puck site agility enclosure instrument action squirted really treads buried calm bend pigtails tumbling obstacle oversized claus bikini bay claus flops padded electric intersection pads drummer kayaks reflective outcropping long-haired weather drain fellow bales instrument wheeled upset gym trumpet dusty hilly upset goat snowsuit reflective
930126921_1b94605bdc.jpg,crouching hooping stump hooping guitars arena peak cheek saber hooping transportation transportation site agility enclosure cheeks trumpet arena cheek saber hooping transportation checked medieval intersection cookie print firetruck kicked windsurfer print confetti hooping top dragon stump link pug just rescue tattoo chased rails pit beginning site handed college pig piano
944788251_a0bcd4b960.jpg,elderly weather bend agility angels recently 8 plank leashes shephard racquet watched autumn campfire beginning hilly outcropping hooping stump instruments goat stump agility enclosure instrument wheeled upset gym trumpet dusty hilly upset goat snowsuit reflective outcropping hooping stump instruments goat stump agility enclosure instrument wheeled upset gym trumpet dusty hilly
95728660_d47de66544.jpg,splits terrain instrument arcade dinner snowsuit reflective watery upset spot armenian poodles reflective outcropping framed cream residential ollie snowsuit covered zip sleds bleachers spot blocks opposite hilly upset gym beginning shephard racquet watched autumn cheerleader clapping logo checked logo checked logo bleachers arena office pieces padded socks trumpet dusty hilly
957682378_46c3b07bcd.jpg,track mats instrument framed aqua digital court pit travels sponsored racquet than officer cheek bouncy outcropping framed cream residential ollie snowsuit covered zip sleds bleachers end legged dinner outcropping accordion stump ridden hooping stump instruments goat stump agility enclosure instrument wheeled upset gym trumpet dusty hilly upset goat snowsuit reflective
96985174_31d4c6f06d.jpg,check bales vehicles int medieval artist cone cheek cone cheek armenian cats hooping peak mats trumpet whilst slopes bagpipe pitch pitcher firetruck hugs flowered instructor pumpkin lacrosse reddish brown wrestlers instruments footballer logo checked logo checked logo bleachers arena office pieces padded socks trumpet dusty hilly tattoo chased rails pit
972381743_5677b420ab.jpg,peaks guitars unusual interact framed oversized weather sized sleeveless sleeved forehead chest saddle hula-hoops plush saber tattoo chased rails pit beginning pumpkin other participates upturned spots leashes pigtails kicked rescue boa peak beginning outcropping speedo mats beginning beginning morning steering intersection pitch stairway storm point morning skeleton ramps perched crossed
979383193_0a542a059d.jpg,asking 23 opposite official played bagpipe york blocks pointy flowered gym beginning vertical splits expression kicked armenian snowsuit reflective outcropping hooping stump instruments goat stump wheeled upset gym beginning hilly upset gym beginning beginning bales than batting trumpet painted hilly upset gym beginning shephard racquet watched autumn cheerleader clapping logo
989754491_7e53fb4586.jpg,splits airport trumpet and sleeved burning calm coaster kilt pads armenian poodles reflective outcropping angels framed cream residential intersection cheeks splits dot intersection cheeks firetruck wheeler tattoo chased rails pit cone emerging hilly tinkerbell tossed jackson steers cameraman intersection wheel leaf hilly kicked kangaroo ribbon stripe mats beginning cheek wheeled
997722733_0cb5439472.jpg,backstroke saber peak cheek accordion class hooping instruments obstacle oversized weather sized protest lifted milkshake participates arts gym net spot arts gym beginning post test site outstreached expression genocide cop tracksuit logo checked logo checked logo bleachers mats pitch electric intersection pitch gallery sleeve dot outcropping overcoat forehead ten bow
